title,link,description,bloggername
"광양 매화축제 실시간 개화 상황 | 3월 봄꽃 여행지 추천, 주차... ",https://blog.naver.com/ladyndeok/224218894719,3월 봄꽃 여행지로 방문하기에도 좋은 시기라 봄 여행을 계획 중이라면 한 번 방문해보셔도 좋을 것... 데이트 여행지로도 너무 좋은곳이라 3월 봄꽃 여행지를 찾고 있다면 지금 시기의 광양 매화축제 방문을... ,계획형 여행 기록
강진 남미륵사 4월 봄꽃 여행지 철쭉 겹벚꽃 서부해당화 축제,https://blog.naver.com/5004yurim/224220733570,"4월 봄꽃 여행 완벽 정보! 200만 그루 서부해당화, 철쭉, 겹벚꽃이 한꺼번에 피어나는 꽃 천국. 2026년... 행사 봄꽃 프린지 공연 봄 소풍 음악회 메이드인 강진 예술제 부대 행사 봄꽃 관광사진 공모전 강진愛... ",유림여사 제4의 활동
"4월 봄꽃 여행지 추천, 벚꽃 명소 경기도 곤지암 화담숲 예약... ",https://blog.naver.com/cafeinfofam/224239045159,아기자기한 봄꽃들이 곳곳마다 흐드러지게 피었으니 어디론가 떠나고 싶어지는 계절입니다. 저 역시... #4월여행지추천 #봄꽃여행지 #벚꽃명소 #경기도벚꽃명소 #화담숲 #곤지암화담숲 #수선화축제 #화담숲벚꽃... ,맘 따스한 사람들과 마시는 한잔의 커피처럼
부산 충렬사 목련 봄꽃 여행지 3월 가볼만한곳,https://blog.naver.com/555__555/224224583207,부산 봄꽃 여행지 충렬사 ⓒ신짱 안녕하세요. 여행플래너 신짱입니다. 부산에서 봄기운 가득 느끼며... 3월 봄 여행지 충렬사입니다. 봄꽃은 물론 역사여행까지 할 수 있어 가족 나들이로도 좋으니... ,신짱의 트래블홀릭
뚜벅이도 갈 수 있는 3월 4월 국내 봄꽃 여행지 모음,https://blog.naver.com/welchon4u/224213875551,"뚜벅이 여행지 차 없어도 괜찮아! 봄꽃 여행지 6곳 자가용 없이도 떠날 수 있는 전국 농촌체험휴양마을을 모아 봤어요 복사꽃, 유채꽃, 벚꽃 군락지 뿐만 아니라 소소하게 담장 너머 피어 있는 봄꽃들까지... ","농촌여행의 시작, 웰촌"
매년 많은 인파가 찾는 국내 봄꽃 여행지 2곳! 올해도 갈꺼야?,https://blog.naver.com/love2xxxx/224191274893,주차만 2시간 그럼에도 매년 많은 인파가 찾는 봄꽃 여행지 2곳! 올해도 갈꺼야? 안녕하세요. 여행... 봄꽃 시즌이 되면 국내 유명 여행지들의 경우 많은 차량으로 인해 이동이 힘들어지곤 합니다. 특히나 봄을... ,하준Daddy의 여행 이야기
2026 봄꽃 개화시기 총정리 2월가볼만한곳 여행지 안내,https://blog.naver.com/snslive/224169323264,"그래서 여수 향일암과 금오산으 전남 여행지로 묶어 하루 코스로 짜기 좋아요. 전라도 봄꽃구경 3월 ‘매화 개화’ 미리보기 광양 매화마을 전경 2월이 “봄 예고편”이라면, 3월은 매화가 본편이에요.... ",SNSLIVE의 전국여행과 맛집찾기
수도권에서 가까운 충남 4월 봄꽃 벚꽃 구경 여행지 4곳,https://blog.naver.com/k-traveler-/224245825101,"4월 봄꽃 벚꽃 여행지를 살펴보았다. 매년 찾아오는 봄이지만, 이번엔 왠지 빠르게 훑고 지나가는 느낌에 괜시리 아쉽다. 이번 주말, 사랑하는 사람과 함께 가볍게 챙겨 들고 설레는 마음으로 충남으로 꽃 구경... ",동네방네 여행쟁이
"구례 산수유·광양 매화까지, 2026 봄꽃 여행지 인기 명소 정리",https://blog.naver.com/70myhthil4/224209960913,2026 봄꽃 여행지 인기 명소 정리 봄이 다가오면 가장 먼저 떠오르는 여행 주제는 역시 꽃 나들이입니다.... 대표 봄 여행지로 주목받고 있습니다. 오늘은 많은 관심을 받고 있는 봄꽃 여행 명소들을 하나씩... ,TOP 탐정사무소
김제 꽃빛드리축제 기본정보 가수 봄꽃축제 전북여행지 추천... ,https://blog.naver.com/kiej38/224238709420,김제여행지는 사찰로 향하는 길 봄꽃 구경 가능한 금산사가 아름다운데 제가 추천하는 곳이에요.... 특징은 꽃 구경은 덤이고 체험을 위주로 하는 축제라는 것을 알 수 있어요. DMO와 함께하여 체험부스가 끝도... ,여행의 절대고수
봄 꽃 축제 데이트 남해 봄 여행지 꼭 가봐야 할 명소 3곳,https://blog.naver.com/ldh88910/224240653851,"남해 여행지 명소 3곳 봄 꽃 축제 데이트 봄이 오면 가장 먼저 생각나는 여행지, 바로 지금이 주말... 오늘 내일 남해 봄 축제 4월 4~5일 충렬사 노량해전 일원에서 불꽃쇼, 드론 라이트 쇼 등 프로그램이 다양하게... ",마음이 쉬어가는 남해 비경 여행
구례 가볼만한곳 지리산 화엄사 전남 봄꽃 여행지 추천,https://blog.naver.com/diana0042/224242321898,전남에는 멋진 사찰이 많지만 이번에는 구례 화엄사에서 느긋하게 봄 끝자락을 붙잡고 싶은 마음이... 봄꽃여행 #국내봄여행지 #전남사찰여행 #구례봄여행 #구례벚꽃엔딩 #구례당일치기 #전남봄꽃여행지,미식로드하우스
"후기 - 실시간 개화상황(26.03.15), 봄꽃 여행지 추천",https://blog.naver.com/juuging/224218559861,"봄꽃 여행지를 찾거나 봄꽃 축제 에 가보고 싶다면 광양매화축제를 꼭 추천해주고 싶다. 서울에서 가기에 꽤 멀지만, 그럼에도 내년에도 꼭 다시 방문하고 싶은 광양매화축제였다.",Всегда вам рады : )
봄꽃 여행지 서산 유기방가옥 수선화 축제,https://blog.naver.com/hjae21/224233400440,"봄꽃 여행지 서산 유기방가옥 수선화 축제 2026.3.28. 주말 봄꽃 여행지를 찾다가 서산 유기방가옥 수선화꽃을 감상하고 왔다. 어제부터 축제를 한다고 해서 왔는데 기대보다는 많이 안피었고, 이른 봄이라 4월... ",마임(MAIIM)
봄꽃 따라 떠나는 여행 | 매화... 개나리·벚꽃 봄꽃 여행지 8곳,https://blog.naver.com/kprc_story/224196421110,"좋고, 봄꽃 시즌의 분위기를 제대로 느끼기 좋은 곳입니다.  이천 산수유마을 아름다운 경관은 물론, 다양한 체험이 진행되는 곳으로 소개됩니다. 가족 단위 방문객도 즐겁게 봄 추억을 쌓기 좋은 여행지로... ",KPRC의 자원순환 이야기
구례 화엄사 홍매화 개화시기 3월 봄꽃 여행지 추천,https://blog.naver.com/myon1012/224206282370,3월 봄꽃 여행지로 방문하기 전 알아두면 좋은 팁가지 정리해서 소개해보려고 합니다. 봄 여행... 04 3월 봄꽃 여행지 추천 본격적으로 봄꽃 시즌이 시작되는 3월인데요. 벚꽃이 아직 피기 전이라 여행지를... ,충청도 탐구생활
봄꽃축제 4월 여행지 진달래 개화시기 진달래 명소 추천,https://blog.naver.com/teddyjun/224229718623,진달래 명소 3월 ~ 4월 봄꽃 여행지 소개 안녕하세요 동네찍사입니다. 3월 말 ~ 4월 중순까지 우리나라... 봄꽃 여행 출발! 4월 가볼 만한 곳 https://blog.naver.com/teddyjun/224227617850 https://blog.naver.com/teddyjun/224225429693,여행 사진사 동네찍사
전남 강진 여행지 가볼만한곳 남미륵사 봄꽃구경 겹벚꽃... ,https://blog.naver.com/lv5photo/224140527769,풍경 봄꽃 여행지중에서는 전국에서 가장 유명한 장소중 한곳이라 할수가 있습니다. 겹벚꽃이 탐스럽게 맺혀있는 모습 전남 강진 여행지 가볼만한곳 남미륵사 봄꽃구경 겹벚꽃 서부해당화 철쭉축제... ,LV5 Photographer
국내 봄 여행지 매화명소 봄꽃축제 봄꽃구경 순천복음교회 매화,https://blog.naver.com/ysr3789/224202983085,국내 봄 여행지 매화명소 봄꽃축제 봄꽃구경 순천복음교회 매화 글: 산마니아 사진: 장미여사(블로그명) 국내 봄 여행지를 찾는다면 올해 가장 먼저 주목해야 할 곳은 전라남도 순천시에 위치한... ,산마니아
"2026 구례 화엄사, 홍매화와 벚꽃이 함께하는 봄꽃 여행지",https://blog.naver.com/sty5859/224220456326,"특별한 봄꽃 명소입니다. 지리산 깊은 품에 안긴 천년 고찰에서 붉은 홍매화와 순백 벚꽃 터널을 걷는 감성적인 봄 나들이를 즐기며, 역사와 자연이 어우러진 경관 속에서 마음의 평화를 느끼기에 최적의... ",여행천하
서천 가볼만한곳 아리랜드 나만 알고 싶은 봄꽃 여행지... ,https://blog.naver.com/june_be/223802028073,"정말 꽁꽁 숨겨두고 나만 알고 싶은 서천 여행지 충남 서천 가볼만한곳 아리랜드 아리랑동백숲 봄철이면 동백, 목련, 조팝, 수선화, 벚꽃에 튤립과 야생화까지 온갖 봄꽃들로 가득해 비밀 정원에 놀러온 것... ","레몽까까의 쉼표 여행, 플리"
광양매화마을 실시간 축제 후기 | 제일먼저 찾아오는 봄꽃여행지,https://blog.naver.com/song_e89/224217737623,3월 14일 방문 후기 봄꽃 여행지로 유명한 광양매화마을 축제에 다녀왔어요. 3월 14일에 방문했는데요... 매화꽃은 봄꽃 중에서도 의미가 있는 꽃인데 대부분 꽃은 따뜻해진 뒤 피지만 매화는 아직 추위가 남아... ,난아의세계
당장 떠나고 싶은 경북 봄꽃 여행지 추천,https://blog.naver.com/gyeongbuk_official/224213895453,"올봄 여행지, 아직 못 정하셨다면 지금 바로 저장해 두세요 ️ 김천 연화지 출처: 인스타그램 @4.0.1.7, @seo0_047 경북 김천시 교동 820-1 저수지 둘레를 따라 벚꽃이 만발해 봄 산책 코스로 제격인 곳이에요.... ",경상북도 공식블로그
3 ~4월 봄꽃 여행지 추천 :① 구례산수유축제 ② 광양매화축제... ,https://blog.naver.com/hyechon49/224209486184,부산을 비롯해서 경상도 전라도의 봄꽃여행지 ① 구례산수유축제 ② 광양매화축제... 봄철에는 꽃과 함께 트레킹/전망 포인트가 훌륭해 봄 여행으로 인기입니다. (웹자료 제한으로 일반 여행지 설명... ,지구별 여행이야기
벚꽃보다 먼저 가야하는 3월 국내 봄꽃구경 여행지 명소 6곳,https://blog.naver.com/yj5891_/224199404119,"✔️맛있는 커피 + 예쁜 목련 포토존 ✔️수원 행궁동 봄꽃 여행지 명소 ✔️봄 사진 맛집 5. 응봉산... 시기니까 함께 가고싶은 분에게 여행지 공유하시고 올 3월 봄, 제대로 봄꽃구경 즐기시길 바랄게요!",융드벤처
경상도 지역에서 즐길 수 있는 봄꽃 여행지 베스트 10,https://blog.naver.com/djforesti/224236577710,올봄 아름다운 자연을 느끼고 싶다면 이 꽃 여행지들을 꼭 한번 방문해 보시길 추천합니다. 저도 겹벚꽃과 진달래를 보고 싶군요. #경상도여행 #봄꽃여행 #봄나들이 #꽃구경 #국내여행지추천 #3월여행지... ,제니의 정원(Jenny's Garden)
3년만에 개방된 진주 매화숲 기간 한정 봄꽃 여행지,https://blog.naver.com/majara78/224225862159,진주 봄꽃 여행지도 함께 들러보았습니다. 그중에서는 3년 만에 개방한 진주 매화숲도 있었는데요.... 진주 가볼만한곳 경상도 봄꽃 여행지 진주 매화숲 진주 사유지 매화정원 진주 매화숲 주소: 경남 진주시... ,두근두근일상여행중
매화 명소 순천복음교회 매화 개화 상황｜전남 봄꽃 여행지 추천,https://blog.naver.com/th3klove/224207312021,순천 매화 명소 순천복음교회 매화 개화 상황 전남 봄꽃 여행지 추천 제가 방문한 날은 비가 내리는... 매화도 봄 산책 코스로 정말 정말 추천드립니다!!! 비 오는 날이라 더 차분했던 순천 봄꽃 풍경을 천천히... ,떠나고 느끼고 즐기고
2026 봄꽃축제 일정 총정리｜벚꽃 개화시기 + 3월 여행지 전남... ,https://blog.naver.com/ooyi012/224212472923,2026년 전국 봄꽃축제 일정 봄이 되면 전국에서 역대급 꽃 축제가 열립니다. 일정 짜기 편하시도록 시기별로 깔끔하게 나누어 보았습니다.  [3월 초순 ~ 중순] 가장 먼저 만나는 봄 3.7(토) ~ 3.8(일): 양산 원동... ,양군님의 일상 및 여행 소개
3월 국내여행지 추천 봄꽃 여행 코스 BEST3 경주 남해 강릉,https://blog.naver.com/jjjadeland/224198035800,올해 봄꽃 여행 코스를 고민 중이시라면 네이버 지도 켜시고 당장 저장해 두세요. 한 눈에 보는 3월 봄꽃 여행지 요약 바쁘신 분들은 3월 여행지별 핵심 포인트 먼저 보고 가세요. 캡쳐해 두시면 편하게 보실... ,여행미녀 제이드 :: JadeLand ♪
3월 봄꽃 명소 지금 가면 좋은 여행지 BEST 5,https://blog.naver.com/cokore/224228911438,3월 말 봄꽃 여행지로 지금 가면 좋은 곳 BEST 5 소개했습니다. 이번 주말 봄꽃 나들이 방문하면 좋을 거예요. 아름다운 봄 여행 만끽하시길 바랍니다. 알고 가면 좋은 정보 1. 현재(26.3.25) 개화 상황 : ● 청계천... ,엄마는 여행중
"2025년 봄꽃 개화시기, 알록달록 물든 전국 봄꽃 여행지 추천!",https://blog.naver.com/ilovekwater/223802424397,"‘고향의 봄’ 악보를 형상화한 3경 등 3가지 테마로 구성되며, 튤립 외에도 유채, 벚꽃, 수선화... 아름다운 봄꽃 여행지를 알아봤는데요. 다채로운 봄꽃 명소에서 사랑하는 사람들과 함께 봄의 정취를... ",K-water 한국수자원공사 공식 블로그
1시간 봄꽃 여행지 BEST 7 / 지금 당장 떠나기 좋은 수도권 봄... ,https://blog.naver.com/joong48877/224223952190,근교 여행지를 찾는 사람들이 많아집니다. 특히 3월 말부터 4월 초까지는 벚꽃과 봄꽃이 동시에 피어나면서 수도권 곳곳에서도 충분히 아름다운 봄 풍경을 즐길 수 있습니다. 오늘은 서울에서 1시간이면 갈 수... ,성중
지금 가면 딱 좋은 봄꽃 여행지 2곳,https://blog.naver.com/sejuya/224207279814,"두번째 여행지는 구례산수유마을 2026 구례 산수유꽃 축제 기간  2026년 3월 14일(토) ~ 3월 22일(일) 전라남도 구례 산수유마을에서 매년 봄 노란 산수유꽃을 주제로 열리는 대표 꽃 축제로, 9일간 진행됩니다.... ",뽁이네 하우스
부산 봄꽃 여행지를 찾아서 - &lt;스포원파크&gt; 벚꽃 개화,https://blog.naver.com/with_pen/224243971303,"4월 부산 벚꽃 여행지로 강력하게 추천해 드리는 '스포원파크'는 아직 풍성하고 아름다운 벚꽃의 자태를 뽐내고 있답니다. 봄이 우리에게 주는 핑크빛 선물, 지금 바로 스포원파크로 구경하러 가보실까요? 저는... ",부산광역시교육청
"진달래 명소 추천 5곳｜3~4월 봄꽃 여행지, 개화 시기 정리",https://blog.naver.com/onlysisim/224211935071,"봄꽃 여행지 하면 보통 화려한 벚꽃을 먼저 떠올리지만, 산행 기준으로 보면 진달래 명소 여행... 동요 '고향의 봄' 배경으로도 잘 알려진 곳이라, 봄곷 여행지로 많이 언급된다. ✔ 특징 진달래 군락 넓음 사진... ","초록시심의 뚜벅, 유랑"
천안 아산 현충사 봄 여행지 추천 홍매화 목련 봄꽃 명소,https://blog.naver.com/sjyun1004/224235671109,천안 아산 현충사 봄 여행지 추천 글/사진©️dillonglucy 천안 아산 현충사 홍매화 목련 봄꽃 명소 천안... ✔️천안 아산 현충사 봄 시즌은 꽃 종류가 다양해 볼거리가 많습니다. 천안 아산 현충사 홍매화 포토존... ,사계절트립로그
3월 부산의 봄꽃여행지 총정리 | 부산 매화 → 부산 오륙도... ,https://blog.naver.com/hyechon49/224210812856,그래서 3월 부산 봄꽃 여행지를 꽃 종류별로 정리하며 살펴보겠습니다. 3월 부산 봄꽃 여행지 BEST 10... 해안산책로 봄꽃 이기대 해안산책로 시기: 3월 특징 수선화·야생화 해안 절경  부산 최고의 봄 산책길... ,지구별 여행이야기
"강진 남미륵사, 4월 봄꽃 여행지! 축제 볼거리와 입장료",https://blog.naver.com/jmlog_/224244829778,"최적의 봄꽃 여행지로 손꼽힙니다. 숨 막힐 듯한 절경과 함께 특별한 경험을 선사하는 이곳으로 함께 떠나볼까요? 강진 남미륵사, 4월의 특별한 꽃 대궐 매년 4월이 되면 강진 남미륵사는 온통 붉고 분홍빛으로... ",Always good things✨
벚꽃 진 후 가야하는 하남 드라이브 4월 데이트 봄꽃 여행지,https://blog.naver.com/majara78/224246547063,"타이밍에 맞춰 벚꽃 나들이나 데이트를 즐기신 분도 있겠지만, 아쉽게도 봄꽃을 제대로 만끽하지 못한... 수도권 봄꽃 여행지인데요. 놀이터와 식당가가 있는 공원은 아이 동반 나들이 장소로도 괜찮고요.... ",두근두근일상여행중
"영평사 &amp; 진천 길상사 겹벚꽃 명소, 올해 가볼만한 봄꽃 여행지",https://blog.naver.com/purme977/224228082137,"올해 가볼만한곳 봄꽃 겹벚꽃 명소 세종 영평사 &amp; 진천 길상사 (사진 촬영일 : 2024.04.20) 안녕하세요.... 사실 영평사는 사계절 내내 꽃이 끊이지 않는 '꽃 사찰'로도 유명합니다. 봄 : 진달래, 철쭉, 금낭화... ","등산러버의 여행,사진,등산기"
봄꽃구경 하는 국내봄여행지 서울 3월꽃구경,https://blog.naver.com/bl85219/224231891561,국내 봄 여행지 중에 추천하고 싶은 장소라서 소개 드립니다. 방문일 : 3월 25일 수요일 1. 대중 교통 주소... 매화 봄 꽃길 뒤쪽으로 이동해 보면 잘 만들어진 산책로 코스가 보이는데 길 한쪽에는 개나리가 피어... ,프림커피의 달달한 세상
3월 봄꽃 여행지 양산 통도사 홍매화,https://blog.naver.com/teddyjun/223815493815,3월 봄꽃이 피는 양산 통도사 홍매화가 활짝 만개하여 관광객들을 맞이한다. 통도사 안에 있는 홍매화... 가을 단풍 때도 참 좋은 여행지인데 봄에는 홍매화가 참 아름다운 곳입니다. 이른 아침 일출 색감과 함께... ,여행 사진사 동네찍사
"2026 태안 튤립축제 개막, 올봄 꼭 가야 할 국내 봄꽃 여행지... ",https://blog.naver.com/tock1004/224245027143,"단순한 봄꽃 축제를 넘어 정말 세계가 주목하는 꽃 여행지로 한 단계 더 올라선 분위기더라고요.... 국내 봄 여행지, 4월 여행지 찾는 분들 벚꽃 다음으로 즐기기 좋은 대표 봄꽃 여행지로 추천드려요. 태안... ",지양이의 지향점
&lt;구례&gt; 전남 가볼만한곳 지리산 봄꽃구경 마을여행지-산수유... ,https://blog.naver.com/lu2u3u/224226808196,4km 코스 구간 : 현천마을-현천제저수지 전남 가볼만한곳 지리산 봄꽃구경 구례마을 여행지 구례... 특히 구례 가볼만한곳 봄꽃여행지 핫플명소 중에 하나로 구례 산수유 축제장도 함께 돌아볼수 있습니다. 전남... ,비주 류장하의 딴지세상
딱 좋은 봄꽃 명소 BEST 10 /  매화·벚꽃·유채꽃 봄 여행지 추천,https://blog.naver.com/joong48877/224212986678,이번 글에서는 지금부터 봄까지 꼭 가봐야 할 국내 봄꽃 명소 10곳을 정리했습니다. 사진 찍기 좋은 여행지를 찾고 있다면 참고해 보세요. 1. 매화가 가장 먼저 피는 봄 여행지 &lt;광양 매화마을&gt; &lt;사진... ,성중
"벚꽃명소 &lt;덕수궁&gt;에서 봄맞이, 도심에서 즐기는 봄꽃여행지 추천",https://blog.naver.com/yespjs1638/224243439459,지난 주말은 정말 쉼없이 이곳저곳을 돌아다니며 봄꽃을 즐겼다. 차례대로 피어줬으면 좋으련만... 이번에 소개할 봄꽃 명소는 바로 덕수궁이다. 봄꽃의 가장 아름다운 창덕궁과 창경궁은 작년에 방문을 했기에... ,우리들의 행복한 시간 (딜런♡레이첼)
3월 국내여행지 추천 경상도에서 즐기는 봄꽃 명소 BEST3,https://blog.naver.com/red_gg0_ma/224192063524,"대구, 부산 양산 시내에서 접근이 쉽고 봄 향기를 만끽하기 안성맞춤인 곳입니다. 대구 도심 근처... 마지막으로 소개하는 경상도에서 즐기는 봄꽃 명소 3월 국내여행지 추천 장소는 바로 창녕 영산 만년교... ",구리구리 데구르르
아이랑 기차타고 떠나는 봄꽃 여행지 best 4,https://blog.naver.com/taeha_hi/224193495902,남쪽으로 봄꽃여행을 가봐도 좋을 것 같아요. 아이랑 가보고 싶은 봄꽃여행지 4군데를 소개해 드릴께요. 1. 구례 제가 가장 좋아하는 색은 노란색! 구례에서는 매년 봄 노오란 산수유축제가 열려요. 서울에서... ,"기차여행 플랫폼, 탱아하이"
전남 구례 산수유꽃축제 일정 정보 봄꽃여행지 산수유 마을,https://blog.naver.com/ddawndew/224211934268,"각기 다른 봄꽃만의 매력을 느낄 수 있는 봄꽃여행지인 구례. 축제장으로 가는 초입부터 산수유꽃이 보이면 아,,, 행사장에 그리고 산수유마을에 다 와가는구나~ 하고 생각하시면 된답니다. 이번 주... ",술람미의 삶이 주는 선물
4월 가볼만한곳 봄꽃 경상북도 경주 대구  필수 여행지,https://blog.naver.com/woom_96/224222827857,"곳의 봄꽃 여행지를 소개드렸는데 어느 곳을 가보고 싶으신가요 ? 봄이 되면 경상북도는 바다와 유적, 전통마을까지 함께 즐길 수 있어서 조금 더 매력적인 여행지로 손꼽히는거 같아요 올 해 봄꽃 명소에서... ","경상아, 배산임수여행"
"3월, 4월 봄꽃 국내 여행지 추천 가볼만한곳 Top6",https://blog.naver.com/springlll8/224189677927,"아니, 뜻밖에 꽃 여행지로 사천 예쁜 곳이 많더라고요.  유채꽃 포인트는 하크베리빌 호텔 글램핑... 촬영일 4월 18일 수원화성 이번 봄꽃 여행지 어떤가요? 지금이 아니면 또 1년을 기다려야 하니깐, 예쁜... ",여행작가 봄비
구례 지리산 치즈랜드 수선화 실시간 지금 예쁜 봄꽃여행지,https://blog.naver.com/sochonn/224233257020,구례 지리산 치즈랜드 수선화 실시간 지금 예쁜 봄꽃여행지 봄꽃 여행이 시작되는 3월말 하일라이트 4월이 다가오고 있어요. 지금 가장 예쁜 꽃 수선화가 구례 지리산치즈랜드 동화속 언덕위로 노오란 수선화... ,행복수니의 행복한 순간의 기록
김포 여행지 추천 봄꽃 축제 김포 가현산 진달래 축제,https://blog.naver.com/jyleen/224240147990,아마도 4월 5일 주말이면 거의 만개한 아름다운 진달래꽃을 볼 수 있을것 같아요. #김포여행지 #김포여행지추천 #봄꽃축제 #김포가현산 #가현산 #가현산진달래 #가현산진달래축제,♣슈퍼맨의 세상사는 맛~
구례 산수유꽃 축제 일정 3월 전남 봄꽃 여행지 추천,https://blog.naver.com/jinique_/224207228539,"지리산 자락의 자연 풍경과 계곡, 시골 마을 풍경이 어우러져 봄 여행지로 3월에 찾으면 분위기가 정말... 3월봄꽃여행지 #구례여행 #전남봄꽃명소 #구례산수유마을 #산수유꽃명소 #봄여행지추천... ","나의 계절, 모든 순간이 여행"
봄꽃 가득한 4월의 국내 여행지 가볼 만한 곳,https://blog.naver.com/teddyjun/224234605033,4월 국내 여행지 봄꽃 여행지 한 번 추려봅니다. 전국 다양한 여행지를 다 갈 수 없고 저 역시 못 가본 곳이 많은데요. 제가 가 본 곳 중 사진 잘 나오고 풍경 좋은 곳으로 소개합니다. 4월 봄! 제주도 여행 4월... ,여행 사진사 동네찍사
[SNS서포터즈] 괴산 봄꽃 여행지 추천 초원의집,https://blog.naver.com/goesan-gun/223857593303,[ 괴산여행 ] 괴산군 가볼만한 곳 괴산 봄꽃 여행지 추천 초원의집 괴산 초원의 집은 일상에 지친... 초원의 집으로 향하는 거리는 추운 겨울을 이겨내고 아름다움을 뽐내기 위해 자랑하는 봄꽃들의 향기로 코끝을... ,괴산군 블로그
양산 원동 매화축제 일정 행사정보 낭만적인 봄꽃 여행지 추천,https://blog.naver.com/majara78/224195624149,"2026 봄꽃 여행지 추천 양산 원동 매화축제 봄을 알리는 꽃축제 양산 원동 매화축제는 매년 봄 양산 매화군락지에서 열리는 봄꽃축제입니다. 전국에 매화군락지는 많지만 이곳 순매원은 매화와 기차, 낙동강을... ",두근두근일상여행중
"2026년 거제 공곶이 수선화 축제, 경남 3월 봄꽃 여행지 추천",https://blog.naver.com/dumbs/224222151153,봄바람따라 펼쳐지는 2026년 거제 공곶이 수선화 축제 3월 봄꽃 여행지로 살포시 추천해 봅니다. #경남봄꽃여행 #공곶이수선화축제 #거제가볼만한곳 #경남꽃구경 #거제여행 #3월가볼만한곳 #거제수선화... ,새 책의 첫 장
"봄꽃 여행지 추천! 구례에서 벚꽃, 매화부터 수선화까지~ 봄꽃... ",https://blog.naver.com/guryestory/223821047037,"국내 봄꽃 여행지 추천! 구례에서 벚꽃, 매화부터 수선화까지 봄꽃 코스 따뜻한 봄날, 구례에서 만난... 다양한 봄꽃들이 흐드러지게 피어나 감성 충전 여행지로 제격이에요. 그럼 지금부터 구례 벚꽃 여행지... ","자연으로가는길,구례"
2026 순천 홍매화 명소 탐매마을 축제 3월 봄꽃 여행지,https://blog.naver.com/rmswkao/224208215618,"2026 순천 홍매화 명소 탐매마을 축제 3월 봄꽃 여행지 2026 순천 홍매화 명소 탐매마을 축제 3월 봄꽃 여행지 갑자기 찾아온 꽃샘추위로 두터운 겨울옷을 다시 꺼내 입은 오늘, 순천 홍매화 명소로 유명한... ",먹으러 떠나는 여행자
안산식물원 매화꽃 개화시기 운용매 실시간 이른 봄꽃 여행지... ,https://blog.naver.com/sunsun1890/224157220636,안산식물원 매화꽃 개화시기 운용매화 실시간 봄꽃 여행지 경기도 갈만한곳 오늘은 봄꽃 소식이... 암튼 오늘 매화꽃을 비롯하여 홍전초 동백 다양한 꽃 실컷 보고 오니 봄이 온듯한 착각을... ,해피니스의 맛있는 갬성 여행
4월 지금 가장 화려한 국내 여행지.../ 충남 봄꽃 축제 여행코스... ,https://blog.naver.com/joong48877/224243211242,4월 여행지로 주목받고 있다. 이번 글에서는 충남에서 지금 가장 인기 있는 봄꽃 여행지를 지역별로... 4월 충남 여행 지금 가야 하는 이유 4월은 벚꽃 이후 다양한 봄꽃이 동시에 피는 시기다. 특히 충남은 꽃... ,성중
함께 떠나 봄! 제주 호캉스 추천 힐링 봄꽃 여행지 즐기기,https://blog.naver.com/webtourlove/223829729487,함께 떠나 봄! 제주 호캉스 추천 힐링 봄꽃 여행지 즐기기 봄이 오면 괜히 마음이 설레고 어디론가 훌쩍... 지금부터 제주 호캉스에 딱 맞는 호텔과 여행지를 소개해드릴게요. 제주 호캉스 숙소 추천  휴식이... ,"여행은 즐거워야 하니까, 웹투어"
고흥 여행지추천 봄꽃·벚꽃명소 팔영산 능가사,https://blog.naver.com/han4869/224234665394,고흥 봄꽃 명소 중 하나인데요. 기본적인 여행지 정보부터 봄기운 가득 머금은 사찰 풍경까지 소개... 대웅전으로 이어지는 길 양옆으로 수령이 오래된 벚나무들이 자리하고 있어 천천히 걸으면서 봄 분위기를... ,신라가 만드는 이야기
2026 국내 봄꽃 여행지 추천... 지금 가야 할 전국 봄 명소,https://blog.naver.com/d_idea/224195253428,오늘은 봄에 찾아가면 좋을 봄꽃 명소를 소개해드릴께요! 봄나들이 국내 봄꽃 여행지 봄은 가장 짧지만... 경기 용인 – 테마파크에서 만나는 체험형 봄꽃 여행 용인시는 수도권에서 접근성이 뛰어난 봄 여행지입... ,다른생각 공식블로그 02-6249-2580
2026 3월 전남여행 봄꽃 여행지 구례 산수유 축제,https://blog.naver.com/freeidmj/224203956515,봄이 시작되면 가장 먼저 떠오르는 노란 꽃  오늘 소개해드릴 봄꽃 축제는 전남 구례에서 열리는 구례 산수유꽃축제입니다. 2026년에도 어김없이 개최 예정이라 3월 국내여행지 찾는 분들께 미리 정보... ,오늘도 여행중✈️
예산 봄에 여행하기 좋은 곳 베스트 5 (feat 예산봄꽃 여행지... ,https://blog.naver.com/ichmount/224239908856,예산봄꽃 여행지 벚꽃개화시기) 이제 춘분도 지나고 봄이 천천히 깊어가고 있습니다. 전국적으로 꽃이 많이 피어나 여행하기 좋은데 예산도 봄 여행하기 좋은 곳이 있어 소개해드립니다 예산 추사고택 봄꽃... ,"자연, 여행 그리고 삶"
가족과 함께 가볼 만한 곳 : 봄꽃 여행지,https://blog.naver.com/gsndfamily/223811701954,봄 하늘을 배경으로 하얗게 꽃 망울을 터트린 매화 구경은 기장 매화원으로 다녀왔습니다. 입장료는 없고 매화가 피는 계절 혼자 매화 꽃을 즐기는게 아쉬워 개방하는 곳입니다. 봄꽃 나눔으로 행복해... ,경상남도가족센터 블로그
2026 전국 봄꽃 여행지 총정리｜3월 국내여행 추천 명소 팔도... ,https://blog.naver.com/su198964/224204759992,벚꽃 개화 예상: 4월 3일 ~ 4월 7일 만개 예상: 4월 8일 ~ 4월 15일 남이섬 : 봄 감성 벚꽃길 경포호 : 강릉 벚꽃 명소 설악산 : 봄 산행 추천 3. 충청도 봄꽃 명소 (한적한 벚꽃 여행지) 조용한 국내 봄꽃 여행지... ,바람도둑 su198964@naver.com
"전국 봄꽃 여행지 모음 (feat. 3,4월 데이트 추천)",https://blog.naver.com/canonkoreacamera/224196394670,"그래서 오늘은 다가오는 봄을 기대하며, 미리 봄꽃 여행지들을 알아보려 합니다. 다채로운... 8 L IS USM | 경주 황룡원 가장 먼저 소개해드릴 봄꽃은 '봄' 하면 가장 먼저 떠오르는 주인공... ",캐논코리아 주식회사 블로그
아이와 가기좋은 3월 4월경남 봄꽃 여행지 추천 BEST 7,https://blog.naver.com/tonsun67/224205201713,경남 봄꽃 여행지 한눈에 보기 여행지 꽃 종류 특징 추천 오륙도 수선화 바다 + 수선화 사진 김해... 있어서 봄꽃아래에서 즐기는 막걸리 파전도 좋지요 &lt; 매화 시즌에는 주차가 혼잡해요&gt; 05. 기장 매화원... ,꼼냥부르스
4월 국내여행지 추천! 봄꽃으로 가득한 4월 축제 모음 (ft. 축제... ,https://blog.naver.com/nol-always/224205054208,"좋은, 봄꽃 축제가 열리는 국내 여행지를 소개해 드릴게요. NOL과 함께 봄 내음이 가득한 여행지로 함께... 따뜻한 봄바람이 불어오는 4월 벚꽃부터 튤립, 유채꽃, 철쭉까지 각기 다른 매력을 가진 봄꽃 여행지로... ",NOL(야놀자) 블로그
전남 홍매화 명소 구례 화엄사 홍매화 활짝 봄꽃 여행지,https://blog.naver.com/wolfcha99/224228626331,전남 홍매화 명소 구례 화엄사 홍매화 활짝 봄꽃 여행지 - 주소 : 전남 구례군 마산면 화엄사로 539... 전남 홍매화 명소 구례 화엄사 홍매화 활짝 봄꽃 여행지! 홍매화 아래에 들어서면 은은한 향기가 온몸을... ,만향광호의 뚜벅이 여행
서산 유기방 가옥 수선화 축제 4월 충남 여행지 엄마랑 봄꽃... ,https://blog.naver.com/ifnotnow_thenwhen/224246584652,"단순히 “꽃 예쁜 곳”을 넘어서 가족이랑 같이 가기 좋은 여행지로 특히, 부모님이 좋아할 감성 공간이면서 사진 + 힐링 + 산책까지 다 되는 곳이었는데요. 4월 봄꽃 구경 어디 갈지 고민 중이라면 충남 서산... ",MJ의 방방곡곡
"아고다, 대한민국 봄꽃 축제 여행지 검색 증가 TOP6 발표 !",https://blog.naver.com/beautytravelnews/224202361310,"분석해 ‘봄꽃 축제 여행지 순위’를 발표했습니다. 올해는 단순 꽃구경을 넘어, 문화·체험... 여의도 일대 벚꽃길은 물론, 진달래와 개나리까지 한 번에 즐길 수 있어 매년 약 300만 명이 찾는 대표 봄... ",뷰티트래블뉴스
봄꽃과 함께하는 충남의 4월 여행지 추천,https://blog.naver.com/sinmunman/223410144413,"곳으로, 꽃 모음집이라고 해도 과언이 없겠는데요. 4월 중순부터 만개에 이르는 봄꽃이기에 스크랩하셨다가 이대로 다녀오시면 좋을것 같습니다. 충남 봄꽃 여행지 no.1문수사 주소:충청남도 서산시 운산면... ",충청남도 공식 블로그 (힘쎈충남)
3월 국내 가볼만한곳! 봄꽃 여행지 꽃구경 명소 추천 7,https://blog.naver.com/prunbook/223772296890,"봄꽃을 만나보고 싶다면? 봄의 시작을 알리는 꽃 홍매화 가장 늦은 겨울을 맞이하는 남쪽 섬 거제도에서 만나는 수선화와 전남 구례 산수유, 경주의 목련 서울 근교 이천과 봉은사에서 만나는 봄꽃 여행지까지!... ",도서출판 푸른향기
[용인여행] 용인 처인구 실내 봄꽃 나들이 여행지 남사화훼단지,https://blog.naver.com/govlrodtnr/224215105244,"마침, 용인 처인구 남사읍에 벌써 봄이 찾아온 봄꽃 여행지가 있어 주말 나들이로 다녀왔어요. 이미... 봄꽃 나들이를 마치며 여기까지 용인 처인구 남사에 위치한 실내 봄꽃 나들이 여행지, 남사화훼단지 매장을... ",용인시 공식 블로그
"4월 국내 벚꽃 명소, 봄꽃 여행지 추천 7",https://blog.naver.com/prunbook/223802650039,싶은 봄꽃 여행지 추천 7 &lt;꽃길 따라 열두 달 여행&gt; 과 함께 감성 가득한 봄꽃 여행을 떠나보세요 꽃길... 국내 여행지 90곳 형형색색 40여 종의 계절별 꽃 그리고 국내 곳곳의 숨겨진 여행 코스 꽃을 사랑하는 모든... ,도서출판 푸른향기
경남 창원 4월 봄꽃 여행지 진달래축제 주차장 | 천주산,https://blog.naver.com/4tourwon/224244523817,천주산은 봄 여행지 창원 가볼만한곳 리스트에 항상 들어갈 정도로 유명한 진달래꽃축제 겸... 4월 봄꽃 축제 경남 진달래 명소 천주산 진달래축제는 경상남도 창원을 대표하는 4월 봄꽃 여행지... ,여행원
강진 남미륵사 4월 국내 여행지 추천! 작년 4월 봄꽃 여행 후기,https://blog.naver.com/123goodgood/224227034364,"4월 봄꽃 나들이 후기 강진 남미륵사 여행 글 | 사진 ⓒ 숩숩 안녕하세요, 숩숩이에요! 벚꽃 피는 시즌이... 다음 봄 여행지를 찾고 계시다면 강진 남미륵사, 한 번 후보에 넣어보셔도 좋을 것 같아요 이 포스팅이... ","숩숩자매즈, 오늘도 여행!"
3월 가족여행지 충남여행 아이랑가볼만한 봄꽃여행지 역사여행,https://blog.naver.com/bhy1468/224228087139,#아산 #공세리성당 #아산공세리성당 #아산여행 #아산봄여행지 #벚꽃 #벚꽃여행지 #충남여행 #벚꽃여행 #가족여행지 #3월여행지 #4월여행지 #충청도여행 #봄 #봄꽃 https://in.naver.com/hyeunyoung,아빠는 여행중
2025 전국 개나리 개화시기 진달래 봄꽃 여행지 추천,https://blog.naver.com/leeja5139/223792555294,오늘 낭만부부 여로는 봄꽃 개화시기에 맞춰 다녀오기 좋은 전국 봄 여행지 추천해 드릴게요! 1. 전국... 안전하게 꽃 구경을 할 수 있고 가족과 함께 주말 나들이 즐기기 좋은 봄꽃 여행지로 추천합니다. 4. 목포... ,여행로망스
명소까지 | 봄꽃 축제 함께 즐기는 국내 봄 여행지 (feat. 태안... ,https://blog.naver.com/koreamof/224223775660,"2026 벚꽃 개화시기부터 벚꽃 명소까지 | 봄꽃 축제 함께 즐기는 국내 봄 여행지 (feat. 태안 안면암... 유명한 봄꽃 여행지, 봄꽃 명소입니다. 특히 4월이 되면 벚꽃까지 함께 활짝 피어나 더욱 풍성한 봄의 정취를... ",해양수산부 공식 블로그
봄 꽃내음 가득한 거제여행지 수선화 가득한 공곶이,https://blog.naver.com/6658308/224238465666,ㅎㅎ 입구에서는 만나지 못할 풍경들이 드디어 펼쳐지기 시작하는데 이맛에 거제여행지 공곶이를 찾게 되는것 같습니다. 거제 바다와 어우러진 공곶이 수선화 매년 봄 첫번째로 만나는 봄꽃 축제인데 이곳을... ,낚시는 즐거워
예산 최고의 여행지 추사고택은 지금 봄꽃 잔치중 가족여행지... ,https://blog.naver.com/bhy1468/224238260158,"예산 봄꽃 여행지, 예산여행 정보 확인은 여기 ↓ https://www.yesan.go.kr/chusa.do 4월 추사고택은 꽃 잔치중... 고택과 봄이 어우러지는 4월 초, 추사고택이 왜 충남을 대표하는 봄 여행지인지를 사진만 봐도 알 수... ",아빠는 여행중
봄꽃 여행지 진해 군항제 경화역 여좌천 벚꽃 개화 상황 30일... ,https://blog.naver.com/teddyjun/224235493676,안녕하세요 동네찍사입니다. 진해 군항제가 27일에 시작되고 첫날 가보고 30일 어제 한 번 더 가봤습니다. 월요일 평일 오전이라 관광객들이 별로 없겠지 하고 와이프랑 소소한 나들이 다녀왔습니다. 군항제를... ,여행 사진사 동네찍사
우이천벚꽃 명소 봄꽃구경 강북가볼만한곳 서울여행지 추천,https://blog.naver.com/lsh5755/224241264288,"봄꽃구경 서울여행지 추천 수유역이나 쌍문역을 이야기했는데, 다른 포인트도 많다. 스마트폰 지도를 띄우고, 우이천을 검색한 다음, 다른 지점에서 내려도 된다. 벚나무 군락은 길게 쭉 뻗어 있으니까. 지금... ",천사는 여행중
구례 산수유꽃축제 실시간 개화상황 2025 봄꽃여행지,https://blog.naver.com/jyt8919/223797793682,온 마을을 노란 물결로 뒤덮은 산수유꽃 구례 산수유꽃축제 실시간 개화상황 2025 봄꽃 여행지... 있는 봄꽃축제 구례 산수유꽃축제 아직 방문하시지 않으셨다면 꼭 방문해 보시길 추천드립니다... ,우담화의 여행.일상
봄맞이여행 3월 봄꽃 여행지 매화 산수유 수선화,https://blog.naver.com/tonsun67/223779855987,봄맞이여행 봄꽃여행지 어느덧 3월 봄이 왔네요 이제 꽃 보러 다녀야 할 시기가 왔다는 이야기죠 따뜻한 남쪽에서는 조금씩 꽃피는 소식이 들려 올거 같아요 올해는 봄꽃소식이 조금 늦게 들리지만 일주일... ,꼼냥부르스
봄꽃축제 4월 꽃구경 봄축제 5월 국내 여행지 추천,https://blog.naver.com/totoro122425/224233622344,4월과 5월 봄꽃 여행지 오늘은 4월 꽃구경을 즐기기 좋고 5월 축제를 뽐내는 국내 여행지 추천을... 돋보이는 여행지라는 것도 리마인드 시켜 드릴게요. ㅎㅎ 봄꽃에 관한한 모든 꽃들이 자라섬 꽃 페스타에 모여... ,토토로의 세계여행
"봄꽃 여행지 추천, 벚꽃 말고 예쁜 꽃 명소",https://blog.naver.com/be05reilv/224242824528,"봄꽃 여행지 추천, 벚꽃 말고 예쁜 꽃 명소 봄 여행하면 벚꽃이 가장 먼저 떠오르지만, 국내에는 벚꽃 외에도 아름다운 봄꽃을 만날 수 있는 곳이 많습니다. 상대적으로 덜 붐비면서도 충분히 아름다운 꽃... ",Flower 정보연구실
【전북 4월】 꽃축제 &amp; 봄꽃 여행지 추천,https://blog.naver.com/openingdream/224233268687,"전북 4월 꽃축제 &amp; 봄꽃 여행지 추천 봄기운 가득한 요즘! 전북에서 봄을 느껴봄~ 벚꽃, 철쭉, 유채, 청보리 등 다양한 봄꽃이 모두를 기다리고 있어요 겹벚꽃과 철쭉이 어우러진 전주 완산칠봉... ",★드론플레이™드론관련 필독정보+드론말곤 알쓸신잡
봄에 가볼만한 곳 봄꽃구경 서울 여행지 Best5,https://blog.naver.com/mellang_2/224209551115,"봄에 가볼만한 서울 여행지 서울 봄꽃구경 - 목차 - 서울궁궐, 경복궁 봉은사 홍매화 여의도 한강공원... 현대적인 높은 빌딩, 한국적인 전통미 그리고 꽃 이 삼박자가 만들어내는 묘한 매력을 느껴 볼 수 있는... ",멜랑의 햇살 좋은 날
봄꽃 명소 추천｜합천 봄꽃 여행지 미리보기,https://blog.naver.com/travelhc/223803813559,"봄이 다가오면 자연스럽게 떠오르는 여행지가 있죠. 바로 봄꽃 명소로 소문난 합천입니다! 합천은 벚꽃길부터 철쭉, 작약꽃밭까지 다채로운 봄꽃 풍경을 즐길 수 있는 대한민국 대표 봄꽃 여행지예... ",합천여행 공식블로그
"예산의 봄꽃 여행지, 대흥동헌과 의좋은 형제공원",https://blog.naver.com/yesanhongbo/223410513398,"예산의 봄꽃 여행지 대흥동헌과 의좋은형제공원 사진작가들의 출사지로 유명한 예산의 봄꽃 여행지, 대흥동헌에 벚꽃이 만개했어요!! 오늘은 예산의 봄꽃 여행지 대흥동헌과 의좋은 형제공원을 소개해... ",새로운 내일 하나된 예산
논산봄꽃여행지 추천 개나리꽃이 아름다운 노성산애향공원... ,https://blog.naver.com/rose0932/224224717284,논산 3월여행지하면 어디가 떠오르시나요 ? 당연 딸기축제를 떠올리실것 같은데요 오늘은 논산의... 참고해주세요  #논산딸기축제 #논산가볼만한곳 #논산봄꽃명소 #논산숨겨진명소 #논산가볼만한곳 #논산개나리... ,룰루랄라와 행복한 하루
전국 봄꽃 대표 여행지 추천~~,https://blog.naver.com/seer3510/223781705413,"전국의 봄꽃 여행지 추천입니다 1. 진해 군항제 (경상남도 진해) 매년 4월 초에 열리는 벚꽃 축제로... 각 지역마다 특색 있는 봄꽃과 경치가 있으니, 방문 시기를 잘 맞추어 방문하시면 좋을 것 같습니다!",늘봄
4월 봄꽃여행지 신안 선도 '2023 섬 수선화축제' &amp; 배편,https://blog.naver.com/h100489/223076316206,"정원이 아름다운 노란 지붕의 집 한 채가 보이네요. 할머니는 계시지 않았지만 예쁘게 꾸며진 수선화와 봄꽃들을 찾아보며 잠시 둘러보고 나왔어요. 다시 여기, 4월 봄꽃 여행지, 신안 선도. 2023. 섬 수선화 축제!",연희아민_Yeon-ah's Journey Story
