title,artist
"기쁨, 슬픔, 아름다운 마음",AKMU (악뮤)
소문의 낙원,AKMU (악뮤)
RUDE!,Hearts2Hearts (하츠투하츠)
SWIM,방탄소년단
BANG BANG,IVE (아이브)
404 (New Era),KiiiKiii (키키)
사랑하게 될 거야,한로로
Body to Body,방탄소년단
Drowning,WOODZ
0+0,한로로
Good Goodbye,화사 (HWASA)
타임캡슐,다비치
멸종위기사랑,이찬혁
그대 작은 나의 세상이 되어,카더가든
2.0,방탄소년단
너에게 닿기를,10CM
"TICK TOCK (Feat. ZICO) (Prod. by ZICO, Crush)",김하온 (HAON)
Popcorn,도경수(D.O.)
Hooligan,방탄소년단
"어떻게 이별까지 사랑하겠어, 널 사랑하는 거지",AKMU (악뮤)
Born Savage,PLAVE
Blue Valentine,NMIXX
BLACKHOLE,IVE (아이브)
어제보다 슬픈 오늘,우디 (Woody)
Golden,HUNTR/X
너의 모든 순간,성시경
캐치 캐치,YENA (최예나)
흥흥흥 (feat. SOLE),PLAVE
그런 것 같아,PLAVE
하루에 하루만 더 (Stick With You),투모로우바이투게더
FYA,방탄소년단
꽃송이들의 퍼레이드,PLAVE
뛰어(JUMP),BLACKPINK
봄날,방탄소년단
Lunar Hearts,PLAVE
Aliens,방탄소년단
toxic till the end,로제 (ROSÉ)
모르시나요(PROD.로코베리),조째즈
내게 사랑이 뭐냐고 물어본다면,로이킴
Like Animals,방탄소년단
HAPPY,DAY6 (데이식스)
천상연,이창섭
Love Love Love (Feat. Yoong Jin Of Casker),에픽하이 (EPIK HIGH)
한 페이지가 될 수 있게,DAY6 (데이식스)
사랑은 봄비처럼...이별은 겨울비처럼...,임현정
Merry Go Round,방탄소년단
KISS KISS KISS (Feat. 선우 (THE BOYZ)) (Prod. by Hukky Shibaseki),NOWIMYOUNG (나우아임영)
햇빛 bless you,AKMU (악뮤)
사랑인가 봐,멜로망스
봄 색깔,AKMU (악뮤)
like JENNIE,제니 (JENNIE)
"HOME SWEET HOME (feat. 태양, 대성)",G-DRAGON
they don’t know ’bout us,방탄소년단
Whiplash,aespa
청춘만화,이무진
One More Night,방탄소년단
Seven (feat. Latto) - Clean Ver.,정국
Please,방탄소년단
Welcome to the Show,DAY6 (데이식스)
SPAGHETTI (feat. j-hope of BTS),LE SSERAFIM (르세라핌)
그대만 있다면 (여름날 우리 X 너드커넥션 (Nerd Connection)),너드커넥션 (Nerd Connection)
벌레를 내고,AKMU (악뮤)
달리 표현할 수 없어요,로이킴
눈을 감아도(2026),순순희(지환)
소나기,이클립스 (ECLIPSE)
주저하는 연인들을 위해,잔나비
Flower,오반(OVAN)
"모든 날, 모든 순간 (Every day, Every Moment)",폴킴
청혼하지 않을 이유를 못 찾았어,이무진
Into the Sun,방탄소년단
Flashback,엔플라잉 (N.Flying)
나는 반딧불,황가람
예뻤어,DAY6 (데이식스)
시작의 아이 ❍,박다혜
FAMOUS,ALLDAY PROJECT
STYLE,Hearts2Hearts (하츠투하츠)
ONE MORE TIME,ALLDAY PROJECT
사랑은 늘 도망가,임영웅
FOCUS,Hearts2Hearts (하츠투하츠)
첫 만남은 계획대로 되지 않아,TWS (투어스)
REBEL HEART,IVE (아이브)
OVERDRIVE,TWS (투어스)
오늘만 I LOVE YOU,BOYNEXTDOOR
APT.,로제 (ROSÉ)
다정히 내 이름을 부르면,경서예지
NOT CUTE ANYMORE,아일릿(ILLIT)
Dynamite,방탄소년단
Love wins all,아이유
입춘,한로로
Die With A Smile,Lady Gaga
헤어지자 말해요,박재정
시작의 아이,마크툽 (MAKTUB)
에피소드,이무진
Magnetic,아일릿(ILLIT)
눈사람,정승환
인사,범진
I AM,IVE (아이브)
Never Ending Story,아이유
Soda Pop,KPop Demon Hunters Cast
끝사랑,테이
