날짜,제목
2024-12-31,결제카드를 잘못 사용했습니다.
2024-12-30,회원카드발급전 결제영수증 문의
2024-12-30,수소차량 충전시 환경부 카드 사용
2024-12-30,다시 문의드립니다.
2024-12-30,충전카드
2024-12-29,차량등록 확인요청
2024-12-28,차량번호 등록
2024-12-28,아이폰에서 카드 등록
2024-12-28,통합누리집 연동 불량
2024-12-27,나이스차저 충전기 오류 1년째 지속
2024-12-27,장애인 충전요금 할인 등록방법
2024-12-27,법인 전기차 회원가입 여부
2024-12-26,이중결제
2024-12-26,카드발급 문의
2024-12-26,카드 발급 관련 문의
2024-12-26,분실해체요청
2024-12-26,결제내역이 안보이는데 확인 부탁드립니다
2024-12-25,중고차량 기존 카드등록
2024-12-25,중고차를 구매후 회원가입하여 회원카드 발급방법
2024-12-25,법인 전기차 회원카드 관리자 변경 가능여부 문의
2024-12-24,카드정지
2024-12-24,표지발급
2024-12-24,전화번호 변경건
2024-12-24,개인신용카드로 결재 안되나요
2024-12-23,차량 등록불가 문의
2024-12-23,전기차충전기 설치장소 주차장 비용(1시간 무료주차) 건의
2024-12-23,카드를 신청했는데 한달이 넘도록 오지 않습니다.
2024-12-20,카드재발급문의
2024-12-20,회원카드 재발급 문의
2024-12-19,안녕하세요. 회원카드 차량번호 중복
2024-12-19,통합 누리집 사이트 오류 관련 문의
2024-12-18,충전기의 한전 고객번호를 알고 싶습니다.
2024-12-18,담당자명 변경 요청
2024-12-18,충전카드 사용 관련
2024-12-18,저공해3종 관련
2024-12-18,2025 BMW M5 미등록
2024-12-18,API 주소 데이터 요청 시 오류 발생
2024-12-18,모바일카드 실물카드 둘다 사용가능 한가요?
2024-12-18,며칠 전 발급 받은 신규 회원카드가 정지된 카드라고 하네요
2024-12-17,회원카드 중지로 인한 재발급 문의
2024-12-17,카드번호 확인 불가
2024-12-17,결제내역이 안보이는데 확인요청드립니다.
2024-12-17,카드 재발급
2024-12-16,핸드폰번호
2024-12-16,중고차구매
2024-12-16,등록 차량
2024-12-16,발송이 완료 된건지 확인이 안돼서 등기번호 알려주세요.
2024-12-16,공영주차장 주차비 할인
2024-12-16,결제비밀번호 필요
2024-12-15,분실해제
2024-12-15,차량 중복
2024-12-15,발송완료라 떠있는데 카드가 안왔는데 확인할 방법이 없습니다. 일처리하고는 참.
2024-12-13,오늘 차량 등록을 완료하였는데 저공해차량 조회가 되지 않습니다.
2024-12-13,법인카드 등록 후 카드결제 오류
2024-12-13,회원명 변경 문의
2024-12-13,법인차량 카드발급 관련
2024-12-13,멤버십카드 결제실패
2024-12-12,회원카드를 법인용으로 발급을 받을 수 있을까요?
2024-12-12,결제카드 등록 시 비밀번호 문제
2024-12-11,차량중복
2024-12-11,"중고차 구매, 차량 등록 중복이라고 나옵니다."
2024-12-11,차량중복
2024-12-10,제 카드 사용불가 해제 좀 도와주세요
2024-12-10,이용요금 조회가 되지 않습니다.
2024-12-10,"회원카드 충전, 결제가 안됩니다"
2024-12-10,저공해차량 조회
2024-12-10,카드를 발급받았습니다
2024-12-10,법인차량의 회원카드 발급
2024-12-09,전기차 충전 중에 앱을 통해 충전완료 알림
2024-12-09,회원카드로 결제 시 충전중 or 충전완료 알림은 오지 않는 것인가요?
2024-12-09,충전카드 충전시 비밀번호 lock 방법
2024-12-08,PHEV 차량 카드 신청
2024-12-06,가족 차량으로 이용하려고 하는데 이음 어플관련
2024-12-06,멤버쉽 카드 분실 해제 요청
2024-12-06,저공해 스티커 발급 방법 / 그 외 문의사항
2024-12-06,카드 재발급 절차
2024-12-06,카드 수령 전 사용
2024-12-05,모바일카드 결제정보 입력
2024-12-05,전화번호변경
2024-12-05,카드발급
2024-12-05,사용불가?
2024-12-05,카드 결제 오류 문의
2024-12-05,모바일 ev 앱에 로그인불가
2024-12-05,핸드폰 번호로 가입했는데 오류
2024-12-04,자료 요청
2024-12-03,회원카드 발급
2024-12-03,환경부 외 충전소 결제
2024-12-02,환경부카드 결제 미납.
2024-12-02,카드발급 신청을 했는데 이런 경우 어떻게 해야할까요?
2024-12-02,메뉴에서 [구매 및 지원] > [완속충전기] 페이지 내에 질문이 있습니다.
2024-12-02,저공해스티커발급
2024-12-02,결재카드 등록
2024-12-01,질문 드립니다
2024-12-01,차량번호 중복
2024-11-30,결제환급
2024-11-30,비밀번호 찾기 안됨
2024-11-30,차량번호 중복
2024-11-29,회원카드 신청시 차량번호 중복등록이라고 나옴
2024-11-29,회원카드신청 문의
2024-11-29,중복등록이라고해요
2024-11-29,회원카드 관련 문의
2024-11-29,차량 등록이 안돼요
2024-11-28,고장된 공공급속충전시설의 평균조치기간에 대한 의문이 있습니다.
2024-11-28,결제카드 변경 후 재결제 문의
2024-11-28,차량등록이 인되네요
2024-11-28,몇가지 질문 드립니다.
2024-11-28,환경부 카드 혜택이 궁금합니다.
2024-11-27,신차 구매하여 가입 후 카드 발급하려는데 차량번호 조회시 다른 차량이 조회됩니다
2024-11-27,결제카드변경
2024-11-27,카드 재발급 신청 및 절차
2024-11-27,차량 종류 미등록 문의
2024-11-27,카드 도착 예정일자 및 조회 불가
2024-11-27,충전을 체크카드로 했는데 조회가 안됩니다.
2024-11-27,회원카드 기본정보 변경 문의
2024-11-26,중고 전기차 구매후 회원카드 신청
2024-11-26,카드 배송이 언제 되는지 조회가 안되네요
2024-11-26,차량번호 등록불가
2024-11-26,회원카드 배송 문의
2024-11-26,회원카드가 반송되었어요!
2024-11-26,차량번호 등록불가
2024-11-25,모바일 어플에서 카드등록.....
2024-11-25,불편민원신고센터
2024-11-25,전기자동차 충전인프라 이용안내서 문의
2024-11-25,차량 한 대에 모바일카드와 실물 카드 동시 사용
2024-11-23,개명에 따른 회원정보 수정
2024-11-23,중고 전기차 구매후 회원카드 발급안내
2024-11-23,회원카드 신청 문의
2024-11-22,국고보조금만 받고 전기차 구매 후 명의자 지분 변경 가능 여부 문의
2024-11-21,아파트 이용자제한
2024-11-21,캐스퍼 일렉트릭은 카드발급이 안 되나요?
2024-11-20,중고차 명의변경 카드 발급
2024-11-20,회원카드 등록/번호조회 메뉴
2024-11-20,차량 번호 변경 및 환경부 App 문의
2024-11-20,결제요금 청구서
2024-11-20,차량번호 변경요청
2024-11-20,차량번호 변호요청
2024-11-19,차량번호 변경요청
2024-11-19,중고차 구매후 카드 발급 불가
2024-11-19,회원카드발급받았습니다. 환경부카드비밀번호있나요
2024-11-19,차량번호변경요청
2024-11-19,차량번호 변경요청
2024-11-19,차량번호 변경 요청
2024-11-19,차량 번호 변경 요청
2024-11-19,차량 번호 변경 요청
2024-11-19,회원카드 등록 차량번호 변경요청
2024-11-19,환경부 카드 차량번호 오기재 수정 부탁드립니다.
2024-11-19,카드 차량번호 변경 부탁드립니다.
2024-11-18,차량번호 변경 부탁드립니다.
2024-11-18,환경부 카드 차량번호변경 요청합니다.
2024-11-18,차량번호 변경요청 건
2024-11-18,카드정보 변경과 등록부탁드립니다. 조회에 나오지 않습니다.
2024-11-18,카드 차량번호 변경 요청 합니다.
2024-11-18,결제카드 차량번호 등록 요청드립니다.
2024-11-18,카드 차량번호 수정 요청
2024-11-18,회원카드 명의자 변경문의 件
2024-11-18,차량번호등록부탁드립니다.
2024-11-17,학교 기숙사 내 충전소 관련
2024-11-17,모바일카드 결제방법 문의
2024-11-17,차량번호 수정요청합니다.
2024-11-17,결재카드 변경 건
2024-11-17,차량번호 변경 요청합니다.
2024-11-17,카드 재발급 문의
2024-11-16,차량번호 변경 요청 합니다.
2024-11-16,차량번호 등록 요청드립니다.
2024-11-16,차량번호 변경 부탁합니다.
2024-11-16,차량 번호 변경 신청합니다.
2024-11-15,차량번호 변경 부탁드립니다
2024-11-15,차량번호 등록 부탁드립니다.
2024-11-15,차량번호 변경 요청
2024-11-15,충전요금 결재 조회 문의
2024-11-15,차량번호 변경 요청드립니다.
2024-11-15,차량번호 수정 부탁드립니다
2024-11-15,완속충전기 승인 및 개시일 문의
2024-11-15,정지된 카드
2024-11-14,차량 번호 등록 변경 요청 합니다.
2024-11-13,중고차구매 번호등록
2024-11-13,차량번호 변경요청드립니다.
2024-11-13,차량정보 수정
2024-11-13,충전했는데 이용요금조회에서 확인이 안됩니다
2024-11-13,회원카드 발급 받았는데 사용 시 회원가입 후 사용하라고 합니다.
2024-11-13,환경부카드 인식불가
2024-11-13,카드 삭제 가 안됩니다
2024-11-13,이용문의
2024-11-13,중고차 구매후 전 차주의 카드 취소가 없어.. 카드 신청을 못하고 있습니다.
2024-11-12,등록차량 번호 변경부탁드립니다
2024-11-12,차량번호... 회원이 직접 바꿀수 있게 수정 부탁드립니다. 너무 불편합니다.
2024-11-12,중고차량 기존 카드등록
2024-11-12,차량번호 변경 요청 합니다.
2024-11-12,등록차량번호 변경 요청합니다.
2024-11-12,개인정보 중 이름과 휴대전화번호 변경 요청
2024-11-12,차량번호 및 결재카드 등록 요청합니다.
2024-11-12,차량번호 등록
2024-11-12,[추가문의_재배송]회원카드 등기를 수령하지 못했는데
2024-11-12,회원카드 차량 번호 변경 요청합니다.
2024-11-12,회원카드 등기를 수령하지 못했는데
2024-11-12,법인명의 전기차 여러대
2024-11-12,카드 분실신고
2024-11-11,무공해 전기차 카드 분실 관련 재발급이 안됩니다
2024-11-11,회원카드 등록을 위해 차량번호 등록 부탁드립니다.
2024-11-11,회원카드 차량번호 변경 요청드립니다
2024-11-11,회원카드 차량번호 변경요청
2024-11-11,회원카드 차량 번호 변경 요청합니다
2024-11-11,회원카드 차량번호 변경 요청 드립니다.
2024-11-11,회원카드 차량 번호 변경 요청
2024-11-11,중고전기차 구입후 기존차량등록되여 추가로 등록안되는경우
2024-11-11,충전 내역 없음
2024-11-11,카드 결제 오류 관련
2024-11-11,카드 내역 없음
2024-11-11,중고 전기차 구매 후 중복으로 인한 신규회원카드 발급 제한문의
2024-11-11,차량번호 중복/중고차 구매
2024-11-11,차량번호 수정 요청
2024-11-11,결제카드등록
2024-11-10,중고차 전기 구매 후 이미 등록된 차량이라 등록 불가
2024-11-10,회원변경요청합니다.
2024-11-10,캐스퍼 일레트릭은 언제 카드발급 명단에 추가되나요?
2024-11-10,회원카드 변경
2024-11-10,차량번호 등록 및 멤버쉽 카드 관련 질문
2024-11-10,회원카드 변경의 건
2024-11-10,중복등록 차량번호로 카드신청을 못 하고 있습니다.
2024-11-10,환경부 멤버십 카드 사용
2024-11-09,차량번호 등록을 하고 싶은데 어디서 하는지 모르겠습니다.
2024-11-08,이미 등록된 차량입니다. 문제 해결 필요
2024-11-08,차량번호등록
2024-11-08,회원정보에 발급된 멤버십 카드번호가 안 뜨나요?
2024-11-08,차주와 사용자가 다른경우
2024-11-08,차랑번호 등록
2024-11-08,[모바일esim 사용중]
2024-11-08,중고차 등록된 차량번호
2024-11-08,입주자가 아니라고 출입을 못하게 하는데 이게 정당한것인지 궁금합니다
2024-11-07,차량 번호 등록차량 변경 요청
2024-11-07,카드 분실 재발급
2024-11-07,차량번호변경
2024-11-07,중고차 구매 후 이미등록된 차량번호로 인한 카드신청 불가문의
2024-11-07,법인차량 사용자가 바뀔경우는?
2024-11-07,법인 사용 충전카드 관련 문의드립니다.
2024-11-07,회원카드 만들려고 하는데 제 차번호로 이미 카드가 발급되어있다고 합니다.
2024-11-07,이전에 중고로 판매한 차량의 카드 발급 기록이 있는데 해당 카드를 삭제 가능한지 문의드립니다.
2024-11-07,환경부카드발급(중고차 구매후 이미 등록된 차량)
2024-11-07,"발급 받은 카드를 등록 신청하려는데, 결제카드 등록 내역에 아무것도 없어서 등록 못하고 있어요."
2024-11-06,차량번호 변경은 ?
2024-11-06,앱설치 후 핸드폰 번호를 수정 후 서비스를 이용하라는 메세지
2024-11-06,충전기 교체관련입니다
2024-11-06,회원카드변경신청
2024-11-06,회원카드 차량번호 변경신청
2024-11-06,회원명 변경 문의
2024-11-06,이미 등록된 차량번호
2024-11-06,카드 배송
2024-11-06,차량번호 변경요청
2024-11-06,이용요금 조회에 조회되지 않은 카드승인건
2024-11-05,신차 차량 등록 문의
2024-11-05,전기차 충전설비 운영시 안전장비은 ???
2024-11-05,충전기 및 기타(지도) 문의
2024-11-05,신차 차량번호 등록 문의 합니다.
2024-11-05,로밍 서비스 신청 문의사항
2024-11-05,중고차 구입후 등록하려는대
2024-11-04,무공해 전기차 카드 분실 관련 질의.
2024-11-04,환경부충전카드 분실
2024-11-04,등록차량이라고 나오네요.
2024-11-03,미납요금 문의
2024-11-03,중고차 관련
2024-11-03,이미 등록된 차량이라고 나오는데 어떡해 해야 하나요?
2024-11-03,명의이전
2024-11-02,이미 등록된 차량으로 나옵니다.
2024-11-02,카드 수령을 못해 반환
2024-11-02,차량번호 어떻게 바꾸나요?
2024-11-02,카드 조회 안됨
2024-11-02,차량번호 등록 요청
2024-11-01,멤버십 카드 재발급 이후 충전이 안됨
2024-11-01,회원카드 정보번경 해주세요
2024-11-01,회원카드 등기배송
2024-11-01,차량번호 변경
2024-11-01,중고차 구입 이미 등록된 카드라고 나옵니다.
2024-11-01,무공해차 통합누리집 홈페이지 계정 이름 변경 요청
2024-11-01,중고차구매 / 이미 등록된 차량
2024-11-01,중고차 구매.이미등록된 차량번호
2024-11-01,차량 번호 변경 요청의 건
2024-10-31,차량번호 수정부탁드립니다.
2024-10-31,회원카드 차량번호 변경요청의 건
2024-10-31,차량번호 등록
2024-10-31,가까운 충전소 찾기시 충전기 위치가 실제와 다름
2024-10-31,법인 회원가입 및 법인 카드 발급 문의
2024-10-31,회원카드 태그시 회원 확인 에러
2024-10-31,법인 전기차 담당자 변경
2024-10-31,충전카드
2024-10-31,카드발급시 이미 등록된 차량번호로 나옵니다(중고차량 구입)
2024-10-31,결제카드 등록
2024-10-30,회원카드 차량번호 변경 요청
2024-10-30,카드 발급완료
2024-10-30,환경부카드 발급시 이미 등록된 차량번호(중고차) 해결 요청드립니다.
2024-10-30,오늘 받은 회원카드를 등록하려 하는데
2024-10-30,차량번호 수정
2024-10-30,회원카드 차량번호 변경
2024-10-30,[재문의] 결제금액 확인 요청
2024-10-30,차량구입후 차량번호등록
2024-10-30,공공데이터 문의
2024-10-30,전기차량 충전이용 요금 조회
2024-10-30,회원카드 재발급요청
2024-10-30,회원가입하려는데
2024-10-30,차량판매후 카드폐기
2024-10-29,카드에 등록된 차량번호 변경
2024-10-29,카드 발급 후 차량번호 등록 관련
2024-10-29,차량번호 변경 문의 드립니다
2024-10-29,중고차 전차주해지요청
2024-10-29,충전기 카드 차량 번호변경 요청
2024-10-29,회원카드정보 이전
2024-10-29,전기차 중고구매로 인한 카드 발급
2024-10-29,차량번호 변경 요청
2024-10-29,차량번호 변경 요청합니다
2024-10-29,"충전카드 파손, 재발급 문의"
2024-10-28,차량번호 변경요청
2024-10-28,차량번호 변경 요청
2024-10-28,차량번호 변경 요청
2024-10-28,차량번호 변경 요청
2024-10-28,차량번호 변경 요청
2024-10-28,회원카드 재배송 주소
2024-10-28,회원 차량번호 변경
2024-10-28,충전카드 분실 및 재발급 문의
2024-10-28,2채널 충전기에 대하여
2024-10-28,카드발급
2024-10-28,회원 차량번호 변경
2024-10-28,회원카드 미수령
2024-10-28,충전카드 분실
2024-10-28,법인카드
2024-10-28,중고차량 구매후 카드신청 문의
2024-10-28,카드분실
2024-10-28,중고차 구입후 회원카드 신청
2024-10-28,회원카드 재발급
2024-10-27,중고차 구매 후 차량번호 중복으로 인한 가입 불가능
2024-10-27,가상 차대번호 말고 전기차 실물번호 등록변경요청합니다
2024-10-27,차량번호 중복으로 카드 발급이 안됨니다.
2024-10-27,회원카드 차량번호 변경
2024-10-27,회원카드 차량번호 변경 요청
2024-10-27,결제금액 확인 요청
2024-10-26,중고차 구매후 카드발급 하려는데 차량번호 중복으로 발급이 안됩니다.
2024-10-26,충전 시 비밀번호 입력 문의의 건
2024-10-26,회원카드 차량번호 수정방법
2024-10-26,중고 전기차 구매 후 회원카드 발급문의
2024-10-26,회원카드 비밀번호 확인
2024-10-25,회원카드 변경 요청 드립니다.
2024-10-25,중고차 구입 후 기존 회원카드 재발급
2024-10-25,충전카드 배송 조회는 어떻게 하나요?
2024-10-25,중고차 구입후 회원카드 신청
2024-10-25,중고차 구매후 이미 등록된 번호
2024-10-25,중고차를 구입했는데 차량중복번호 라고 카드 신청이 안됩니다.
2024-10-24,중고차 구매 후 카드 신청 문의
2024-10-24,회원카드 차량번호 변경
2024-10-24,회원카드 차량번호 변경
2024-10-24,중고차 구매로 인한 변경문의
2024-10-24,자동차 번호 변경
2024-10-24,중고차 구매 후 등록된 번호라고 카드 신청이 안됩니다.
2024-10-24,중고차 구매 차량 번호 중복 및 추가 신차 구매시 카드 사용 방법
2024-10-23,중고차 구입하였으나 차량번호 중복으로 나옵니다.
2024-10-23,결제카드등록
2024-10-23,회원카드 분실했는데 재발급 관련 문의 드립니다
2024-10-23,회원카드 등록된 차량번호 변경
2024-10-23,회원카드 차량번호 변경
2024-10-23,중고차로 구입했는데 중복으로 카드등록이 안됩니다 해결해주세요
2024-10-23,모바일 카드 결제
2024-10-23,10원단위 미만 절사 관련
2024-10-23,회원카드에 등록된 차량 번호 변경
2024-10-23,회원카드 재배송 받을 주소
2024-10-22,결제카드 등록이요
2024-10-22,차량번호변경
2024-10-22,카드 분실로 인한 재발급
2024-10-22,"실물카드,모바일 카드(정지처리) 중복 등록"
2024-10-22,회원카드 언제도착할까요
2024-10-22,회원카드 미수령
2024-10-22,카드신청 취소
2024-10-22,멤버십카드 등록은 어디서하나요?
2024-10-22,회원카드를 분실 했는데 재발급이 가능한지 궁금 합니다
2024-10-22,차량번호 변경
2024-10-22,이용요금 조회가 안됩니다
2024-10-22,차량번호를변경하고싶은데요
2024-10-22,이미등록된차량이라서
2024-10-22,회원 카드 신청했는데 수령하지 않았는데 발급완료로 떴습니다
2024-10-21,중고차 구매했는데 차량번호 중복으로 카드신청이 안됩니다.
2024-10-21,중고로 전기차를 구매했는데 등록이 안되네요
2024-10-21,결제카드 등록이 안되요
2024-10-21,결재카드 차량번호 교체
2024-10-21,차량번호 변경
2024-10-21,차량번호 변경
2024-10-21,차량번호 변경 부탁드립니다.
2024-10-21,차량 번호 변경 요청
2024-10-21,충전요금 단가 확인
2024-10-21,차량 사용자가 변경되어 카드를 신청하려고 하는데 중복된 차량이라서 등록이 안됨
2024-10-21,차량번호 변경 부탁드립니다.
2024-10-21,차량번호 등록 요청 및 결제카드 등록 문의
2024-10-21,회원카드 차량번호(2건) 및 회원정보 수정 요청
2024-10-21,결제카드 등록 부탁드립니다.
2024-10-21,충전카드 차량번호 변경요청
2024-10-21,회원카드 차량번호 변경 부탁드립니다.
2024-10-20,중고차 구매 차량번호 중복
2024-10-20,카드를 분실했는데 재발급을 어떻게 해야하는지 모르겠습니다.
2024-10-20,휴게소 충전
2024-10-20,차량정보 변경 요청 드립니다.
2024-10-20,차량번호수정
2024-10-19,차량번호 수정
2024-10-19,기존 카드 삭제가 안되요
2024-10-19,충전카드 발급 문의요
2024-10-19,카드배송
2024-10-19,차량번호 등록 문의
2024-10-19,카드 분실
2024-10-19,카드등록
2024-10-18,회원 카드 배송문의
2024-10-18,차량 번호 등록 요청
2024-10-18,결제카드 등록 할려고하니 카드가 없습니다.
2024-10-18,10원단위 미만 절사 관련
2024-10-18,카드 재배송 요청드립니다.
2024-10-18,카드가 훼손되어 재발급요청드립니다
2024-10-18,차량정보 변경 요청 드립니다.
2024-10-18,카드발급신청 / 이미 등록되어 있는 번호 관련
2024-10-17,회원카드 발급 관련 문의
2024-10-17,중고차 구매건
2024-10-17,회원카드 발급
2024-10-17,영수증 출력이름 변경문의
2024-10-17,"카드 배송이 안된 것 같은데, 재발급 하고 싶습니다."
2024-10-17,환경부카드로 충전을 했는데 결제된 내역이 없습니다
2024-10-17,차량번호 등록이 필요합니다
2024-10-17,차량번호 수정부탁드립니다.
2024-10-17,충전카드 등록 문의
2024-10-17,이미 등록된 카드 입니다
2024-10-17,차번호변경시
2024-10-17,카드발급 후 미등록 회원 표시
2024-10-17,"이용요금 영수증 조회시 표출되는 공급가액,부가세 계산법 수정요청"
2024-10-17,이전 회사에 다닐때 사용한 법인 전기차를 제 전기차 환경부 카드에서 등록 해지하고싶습니다.
2024-10-17,결제카드 변경
2024-10-16,이전에 차량번호가 등록이 되어 있어 카드 발급을 못받고 있습니다.
2024-10-16,결제 카드 등록이 안됩니다 빠르게 해결 부탁드릴게요
2024-10-16,환경부카드앱에 등록하려니 정지된 카드라고 나와요
2024-10-16,충전요금 조회가 안됩니다
2024-10-16,차량번호 변경입니다
2024-10-16,내 차 무공해 확인이 안됩니다.
2024-10-16,차량번호 변경 요청
2024-10-16,차량번호 변경과 결제카드 등록
2024-10-16,차량번호 변경
2024-10-16,카드등록시 정지카드메시지 문제
2024-10-16,충전요금 공개 문의
2024-10-16,차량번호 변경 요청
2024-10-16,차량 번호 변경 요청
2024-10-16,기존 회원카드 재사용 가능문의(차량번호 변경)
2024-10-15,차량번호 변경 요청
2024-10-15,회원카드 차량 번호 수정
2024-10-15,중고차 등록
2024-10-15,차량번호 변경 요청
2024-10-15,차량번호 수정 입력 방법
2024-10-15,차량번호 입력 및 수정
2024-10-15,차량번호 변경
2024-10-15,중고차 차량 등록
2024-10-14,2022년 발급 회원카드와 현재 발급 회원카드와 차이가 있나요?
2024-10-14,차량 명의와 환경부 카드 명의가 달라도 되나요?
2024-10-14,결재가드등록 방법좀 알려 주세요
2024-10-14,회원카드 관련 입니다.
2024-10-14,회원카드 재발급 문의
2024-10-14,중고차 차량번호 등록이 안됩니다
2024-10-14,회원카드 재발급 문의
2024-10-14,회원카드에 결제카드 및 차량을 등록하려고 합니다.
2024-10-14,중고차 구입시 회원카드발급 안됩니다
2024-10-14,충전카드와 차량등록번호 해지해 주세요.
2024-10-14,차량번호 변경 문의
2024-10-13,차량번호 변경문의
2024-10-13,중고차 구매 후 차량번호 등록
2024-10-13,환경부 전기 충전 카드 회원 신청하고 카드 발급했는데........
2024-10-13,차량등록
2024-10-13,중고차 구입 후 차량번호 중복으로 인한 발급 제한
2024-10-13,중고차 구입 후 회원카드 등록 시 중복번호 문제
2024-10-13,회원카드 이용불가
2024-10-13,카드 회원정보 변경 및 결제카드 등록 문의
2024-10-12,환경부카드 등록 문제
2024-10-12,결제 카드 삭제 방법
2024-10-11,환경부카드 다시 신청했는데 배송주소 뒷부분 상세주소가 누락된거 같거든요 그리고 중고차 구매했는데 등록시 중복이라고 안되네요
2024-10-11,회원등록 인증이 되지 않은 카드라고 조회됩니다.
2024-10-11,차량 변경시 카드 교체여부
2024-10-11,회원카드 등록
2024-10-11,회원카드 분실후 재발급시 차량번호등록
2024-10-11,모바일 회원카드 발급
2024-10-11,공공충전인프라 멤버십카드 등록 요청
2024-10-11,중고차 구입후 차량번호중복
2024-10-11,환경부 전기차 카드 발급 관련 문의
2024-10-11,회원카드 차량번호 변경입니다.
2024-10-11,중고차 차량번호 중복 문의 드립니다.
2024-10-11,환경부 카드발급
2024-10-11,모바일 어플 로그인이 안되서 멤버십 카드 등록 불가
2024-10-10,회원카드 차량 등록 변경 방법 및 결제 카드 등록 방법 문의 건
2024-10-10,회원카드 재발급문의
2024-10-10,차량번호변경
2024-10-10,차량번호 변경요청
2024-10-10,카드 재발급
2024-10-10,중고차 구입 후 차량등록문제
2024-10-10,차량 번호 변경 요청 드립니다!!
2024-10-10,어플 상 회원카드가 보이지 않습니다.
2024-10-10,최신 업체별 급속/완속 전기차 충전소 설치 현황 자료 확인 방법
2024-10-10,중고차량 구입으로 인한 카드 신청 시 차량번호 중복 문제
2024-10-09,차량번호 변경 요청합니다.
2024-10-09,차량번호 변경 요청드립니다.
2024-10-09,카드분실로 재발급
2024-10-08,발급받은 충전카드가 보이지 않습니다
2024-10-08,카드를 신청했는데 결제카드등록이 안되서요
2024-10-08,결재카드 변경 요청
2024-10-08,전기차 충전카드 차량번호 수정 요청드립니다.
2024-10-08,결제카드등록
2024-10-08,보유중인 충전카드 해지 문의
2024-10-08,중고차 차량번호 중복등록
2024-10-08,차량번호 변경 요청합니다.
2024-10-08,차량번호 변경 요청드립니다.
2024-10-08,차량 번호 변경 신청합니다
2024-10-08,중고차 회원카드 등록 문의
2024-10-08,"환경부 카드 분실, 재발급 요청"
2024-10-08,차량번호
2024-10-07,중고차 구매 차량번호 중복
2024-10-07,"중고차 구매, 차량번호 중복"
2024-10-07,회원카드 차량번호 변경 요청
2024-10-07,차량번호 변경 요청드립니다.
2024-10-07,중복차량
2024-10-07,임시회원카드
2024-10-07,회원카드를 발급받았으나 결재카드 등록이 안됩니다.
2024-10-07,차량번호 변경 및 결제카드 등록 요청합니다
2024-10-07,차량번호 변경 요청 및 결제카드 등록 문의
2024-10-07,차량번호수정
2024-10-07,차량번호 수정요청
2024-10-07,차량번호 수정요청드립니다
2024-10-07,멤버쉽카드를 재발급받았는데 결제 등록에 안올라와서요
2024-10-07,차량번호 변경 부탁드립니다.
2024-10-07,중고차 구입후 카드발급.
2024-10-07,환경부카드 발급신청해서 8월말쯤에 등기로 발송했다고하는데 못받았어요
2024-10-07,결제카드 여러개 등록이 가능한지
2024-10-07,회원카드 사용 법
2024-10-07,결제카드 등록은?
2024-10-06,중고차 구매 후 카드 신청 시 중복 차량
2024-10-06,전기차 2대에 대한 카드
2024-10-06,실물카드 정지 해제
2024-10-06,결제카드 등록 문의드립니다.
2024-10-06,회원카드발급
2024-10-06,중고차 구입후 카드발급.
2024-10-06,카드신청을 하려는데요
2024-10-05,멤버쉽카드 결재카드 등록변경 후 충전시 실패로 뜸
2024-10-05,중복차량
2024-10-05,회원카드 배송시 본인 수령 질문
2024-10-05,차량번호 등록 요청
2024-10-05,중고차 구매 후 카드 발급시 중복된 차량번호
2024-10-05,모바일앱 사용에 대해서...
2024-10-05,차량번호 오기입에 따른 수정 요청 드립니다.
2024-10-05,플러그인 하이브리드 차량은 카드 발급 못받나요 ?
2024-10-05,중고차로 구매했는데 카드 발급받으려고하니 이미 등록된 차량번호라고뜹니다 .
2024-10-04,멤버쉽카드 등록
2024-10-04,차량번호 등록 및 결제카드등록 등 등록이 안됩니다
2024-10-04,정보 공개 신청은 어떻게 하나요?
2024-10-04,카드등록 및 차량번호 수정 부탁드립니다!
2024-10-04,결제 카드 등록
2024-10-04,회원카드정보수정
2024-10-04,회원카드발급
2024-10-04,차량번호 등록
2024-10-04,결제카드 변경버튼이 없어요.
2024-10-04,결제카드 등록
2024-10-04,회원카드 중복 삭제 요청
2024-10-04,카드중복 신청 취소 건
2024-10-03,신차구매로 기존 회원카드 정보 수정 관련
2024-10-03,중고차 구입 후 회원카드 신청
2024-10-02,임시차량넘버 변경건의합니다.
2024-10-02,임시 차량번호 변경
2024-10-02,회원카드발급
2024-10-02,회원카드 등록및 결제카드 등록문의
2024-10-02,결제계좌 변경은 어디서 하나요?
2024-10-02,임시번호로 발급받아서 카드등록이안됩니다.
2024-10-02,차량번호 변경 및 카드등록 관련 문의
2024-10-02,카드 재발급
2024-10-02,카드 등록이 안되요
2024-10-02,차량번호 변경
2024-10-02,"전기차 충전요금 업데이트 주기, 및 과거 충전요금 확인방법 문의"
2024-10-02,차량 번호 변경 불가 및 결제 카드 등록 불가
2024-10-02,차량번호 변경 요청드립니다.
2024-10-02,분실정지 철회
2024-10-02,결제카드을 등록하려고 하는데 목록에 발급된 카드가 안보입니다.
2024-10-02,다른 아이디 계정으로 회원등록카드 발급받은경우 제 아이디에서 결제카드 등록 할수 있을까요?
2024-10-01,중복된 차량번호는 등록할 수 없습니다
2024-10-01,"신규 카드 신청 시, 차량 종류 없음"
2024-10-01,회원카드 분실로 사용 중단 요청 문의합니다.
2024-10-01,차량번호 변경 문의 드립니다.
2024-10-01,연락처 변경
2024-10-01,번호 수정 요청드립니다
2024-10-01,카드재발급
2024-10-01,충전기 카드 인식 불가
2024-10-01,카드 신청하려고 하니 이미 등록된 차량이라고 나옵니다
2024-10-01,차량번호변경 요청
2024-09-30,이미 등록된 차량번호
2024-09-30,회원카드 발급을 위한 차량 번호 처리 요청
2024-09-30,차량번호 수정부탁드립니다!
2024-09-30,카드 발급 관련 차량번호 입력시 이미 등록된 차량으로 뜹니다.
2024-09-30,이미등록된남바?카드라고 나옵니다....
2024-09-30,멤버쉽카드 발급받았지만 결제 카드 목록 표시 안됩니다.
2024-09-30,법인차량 회원카드 담당자 변경
2024-09-30,신규 회원카드 실물 수령 언제 할 수 있는지 문의드립니다
2024-09-30,자동차번호변경신청
2024-09-30,회원카드 발급 관련 문의 드립니다.
2024-09-30,원단위 절사 건
2024-09-30,회원카드 발급 후 등록 관련
2024-09-30,카드 발급 이미 등록된 차량
2024-09-30,"회원카드 신청하는데, 이미 등록된 차량번호라고 나옵니다."
2024-09-30,충전기 정보 API 연계 문의
2024-09-30,환경부 회원카드 등록 요청 및 차량번호 변경등록 요청
2024-09-30,회원 카드 해지 요청드립니다.
2024-09-29,차량번호 변경(임시번호로 신청) 요청
2024-09-29,카드 신청을 하고 싶은데...
2024-09-29,차량번호 변경신청 드립니다!!
2024-09-29,이미 충전카드를 발급받고 추가로 한장더 발급가능한지 여부
2024-09-29,회원카드 해지 요청
2024-09-29,카드등록이 안되었다고하네요
2024-09-29,회원카드 신청 시 차량 중복 등록
2024-09-29,회원카드 정보 수정 요청
2024-09-29,신규 회원 결제카드 등록도 안되고 나타나지도 않습니다.
2024-09-29,신규 회원카드 결재 등록
2024-09-28,중고차량 구매 중복차량 메세지
2024-09-28,결제카드 등록
2024-09-28,차량번호 변경 신청
2024-09-28,중고매입차량 -차량번호 중복확인
2024-09-27,차량번호 변경 및 결재카드 등록
2024-09-27,차량번호 변경신청
2024-09-27,회원탈퇴후 재가입
2024-09-27,차량 번호 변경 신청합니다.
2024-09-27,차량번호 변경문의
2024-09-27,전기차 충전소 리스트 데이터 제공 요청
2024-09-27,결제카드 등록 방법
2024-09-27,중고차거래 이미 등록된 차량번호
2024-09-27,결재카드 등록 및 차번호 수정
2024-09-27,차량번호 변경 요청
2024-09-26,차량번호 변경 요청
2024-09-26,차량번호 변경요청
2024-09-26,환경부카드 재발급방법(분실)
2024-09-26,충전완료 알림문자
2024-09-26,환경부카드 두장발급여부
2024-09-26,차량번호 변경 요청
2024-09-26,회원카드 등록안됨
2024-09-26,충전요금 공개 요청
2024-09-26,중고차 구매 후 환경부카드 등록
2024-09-26,회원카드 차량번호 등록요청 및 카드 배송 문의
2024-09-26,회원카드 차량번호 등록 요청
2024-09-26,분실신고
2024-09-25,비밀번호 바꾸는법+결제카드 해제 후 다시 등록하는 법
2024-09-25,카드가 가끔 안될때 회원번호
2024-09-25,회원카드 차량번호수정
2024-09-25,회원카드 미도착
2024-09-25,회원카드 사용 방법
2024-09-25,차량 1대에 해당하는 카드를 정지 하였더니 사라져 버렸습니다.
2024-09-25,질문입니다.
2024-09-25,환경부 카드등록 요청
2024-09-25,회원카드 차량번호 변경요청
2024-09-25,중복된 차량번호
2024-09-25,차량번호 변경
2024-09-25,충전카드 차량 번호 변경 신청
2024-09-24,회원카드 차량 번호 변경
2024-09-24,회원카드 차량 번호 수정
2024-09-24,회원카드 차량번호 수정요청
2024-09-24,회원카드차량번호 변경 요청
2024-09-24,회원카트발급
2024-09-24,중고차로 전기차 구매
2024-09-24,회원카드 이용해서 충전한 후에 충전내역 조회 안되고 결제도 안됩니다.
2024-09-24,임시로 등록한 자동차 번호 변경 요청
2024-09-24,화원카드 차량번호 변경요청
2024-09-24,임시로등록한 차량번호변경건
2024-09-24,차량 승계받은후 회원카드발급이 안됩니다
2024-09-24,회원카드 이용해서 충전한 후에 충전내역 조회 안되고 결제도 안됩니다.
2024-09-24,카드 배송 관련 문의의 건
2024-09-24,전기중고차 구매후 충전카드발급문의
2024-09-23,회원카드 분실 재발급 신청합니다.
2024-09-23,차량번호 수정및 결재카드등록
2024-09-23,포인트 결제을 누르면 포인트회원 인증에 실패하였습니다 라고 나옵니다
2024-09-23,회원카드 이용해서 충전한 후에 충전내역 조회 안되고 결제도 안됩니다.
2024-09-23,결제카드 변경을 하고싶습니다.
2024-09-23,충전기 에서 이음카드(회원) or 개인신용카드(비회원) 결재시 결재정보에 대한 문의
2024-09-23,개인용과 회사용 별도 결재 사용 관련
2024-09-23,카드 결제 취소
2024-09-23,회원카드 정보 수정 문의
2024-09-23,카드 발급완료 후 배송
2024-09-23,카드해지
2024-09-23,카드등록은 어디서 하나요?
2024-09-23,회원카드 배송문의
2024-09-23,차량번호 변경
2024-09-23,카드발급시 등록한 차량번호 변경 요청드립니다.
2024-09-22,중고차 구매 이미 등록된 차량으로 등록 안됨 현상
2024-09-22,중고차구매 이미등록된 차량번호라고 나옵니다
2024-09-22,카드 신청하려니 이미 등록차량이라고 합니다.
2024-09-22,중고차 구매시 회원카드
2024-09-22,중고차를 구매했는데 이미 번호가 중복된다고 나옵니다
2024-09-21,분실 카드 철회 요청
2024-09-21,전기차 중고차로 구매이후 환경부 전기차 카드발급
2024-09-21,회원 카드 재발금 신청합니다
2024-09-21,차량명의와 카드명의가 다를때
2024-09-21,발급된 환경부 카드의 인증 문의
2024-09-21,차량번호 등록과 결제카드 등록을 할려고 합니다. 도움부탁드립니다.
2024-09-21,중고차 구매
2024-09-21,차량번호 수정 요청드립니다
2024-09-21,차량번호 변경 요청
2024-09-21,자동차 번호 분실 및 재발급 후 시스템 정보 변경 요청
2024-09-20,카드 신청
2024-09-20,차량번호 등록
2024-09-20,충전을 안했는데 결제내역이
2024-09-20,중고차 구매후 번호 중복으로 인해 카드발급 불가
2024-09-20,회원카드 차량번호 변경 요청합니다.
2024-09-20,중고차 구매로 차량번호 중복
2024-09-20,전기차 충전 내역이 보이지 않습니다.
2024-09-20,중고판매
2024-09-19,중고 전기차 구매 후 카드 발급 문의의 건
2024-09-19,중고차 구매후 차량번호 중복으로 회원카드발급 불가
2024-09-19,중복
2024-09-19,회원카드 차량번호 변경 관련
2024-09-19,차량번호 변경 요청드립니다.
2024-09-19,회원카드 차량번호 변경 요청합니다.
2024-09-19,회원카드 차량번호 변경 요청
2024-09-19,이용명세서 조회 요청드립니다
2024-09-19,분실 재발급 신청후 철회 요청
2024-09-19,차량번호 변경 요청드립니다
2024-09-19,실물카드 정지해제
2024-09-19,카드가 인식이 잘안돼요
2024-09-19,중고차 구입 카드신청 불가(기등록차량)
2024-09-19,임시번호로 회원카드 발급 후 차량번호 변경(마이페에지에서 확인불가)
2024-09-19,결제카드 등록
2024-09-19,카드등록 및 차량번호 수정
2024-09-19,중고차 구매 후 카드 신청 시 중복번호로 발급 신청 불가
2024-09-19,차량번호 수정 부탁드립니다.
2024-09-18,중고차 구입 차량등록.
2024-09-18,홈페이지 회원가입 중 인증프로그램 확인단계 순서를 검토해 주세요
2024-09-17,충전도 못했는데 결제가 됐어요
2024-09-17,회원카드 등록 부탁드립니다.
2024-09-16,이미 등록된 차량이라고 나옵니다
2024-09-16,재발급 받았는데 등록하는 곳이 없네요?
2024-09-15,중고차 승계 후 카드 차량번호 중복등록
2024-09-15,차량번호 수정
2024-09-14,충전 내역 확인이 안됩니다.
2024-09-14,회원카드 차량 번호 변경 부탁드립니다.
2024-09-14,미납요금 결제
2024-09-14,신차 구매후 회원카드 받았는데 사용이안되요
2024-09-14,신차 출고전 카드 발급 가능한지요?
2024-09-14,차량번호 변경
2024-09-14,차량번호 변경
2024-09-14,차량번호 변경 요청
2024-09-14,중고차 구매 후 회원카드 등록
2024-09-14,충전기운영/ 회원카드 차량 번호변경 및 사용인증 요청드립니다.
2024-09-13,차량번호 변경 요청
2024-09-13,차량번호변경
2024-09-13,차량번호 변경 요청
2024-09-13,회원카드 차량번호 변경 요청드립니다.
2024-09-13,회원카드 차량번호 변경 요청
2024-09-13,차량번호 변경 요청의 건
2024-09-13,재발급
2024-09-13,카드 등록
2024-09-13,회원카드 차량번호 변경 요청드립니다.
2024-09-13,차량번호변경
2024-09-13,차량번호변경 부탁드립니다.
2024-09-13,차량번호 변경 요청드려요
2024-09-13,결제카드 등록 처리 불가 (결제카드 조회 안됨)
2024-09-13,신규카드 발급 후 차량번호 등록 요청
2024-09-13,"저의 명의의 차량입니다. 회원카드를 발급받으려고 하니, 이미 등록된 차량이라고 뜹니다. 해결 요청"
2024-09-12,회원카드를 신청하려는데 차량이 등록 되어 있다하여 문의드립니다.
2024-09-12,중고차 신규 등록 중 이미 등록된 차량일 경우
2024-09-12,중고차구매후 카드신청
2024-09-12,결제카드를 등록하려는데 카드리스트에 없어요
2024-09-12,계정이동
2024-09-12,중고차 구입후 카드발급 안되요
2024-09-11,차량번호 변경 요청합니다.
2024-09-11,중고차 구매후 차량 번호 변경을 원합니다.
2024-09-11,중고차 구매 후 회원카드 신청 불가
2024-09-11,내역삭제했는데 재등록이 안됩니다.
2024-09-11,차량번호 변경 요청
2024-09-11,환경부 회원카드 분실시
2024-09-10,회원카드 등록 및 차량번호 변경
2024-09-10,지하 주차장 충전기 철거의 건
2024-09-10,회원카드 차량 등록 요청드립니다
2024-09-10,중고차 구매후 이미 등록된 차라 안되네요.
2024-09-10,법인차량 전기차충전 카드발급 문의
2024-09-10,차량번호 변경등록 요청합니다.
2024-09-10,실물카드를 받았는데요 차량번호 수정하는 화면도 없고 카드등록도 막혀있어요
2024-09-10,차량번호 변경 등록 희망
2024-09-10,차량등록 요청드립니다.
2024-09-10,중고차 구매 후 이미 등록되어 있는 차량으로 안내되었을 때 대처방안을 알려주세요
2024-09-10,차량 등록 요청드립니다.
2024-09-09,결제카드 오류가 발생하네요
2024-09-09,차량등록 변경 문의드립니다
2024-09-09,등록되지 않은 카드라고 나옵니다.
2024-09-09,차량번호 변경 신청합니다.
2024-09-09,결재 카드 등록이 안되고 있습니다
2024-09-09,"중고차구입, 회원카드 신청 차량등록이 중복으로 실패함"
2024-09-09,회원카드 카드등록 안됩니다.
2024-09-09,차량등록 변경 문의 드립니다.
2024-09-09,중고차 구입하였습니다. 차량번호 등록 부탁드립니다.
2024-09-09,차량번호 변경요청합니다
2024-09-09,차량 번호등록이 안되는게 나만 안되는게 아니였네?
2024-09-08,차량번호 부탁드립니다~
2024-09-08,차량번호 변경 부탁드립니다.
2024-09-08,카드가 반송된거같은데 다시 받을수있나요?
2024-09-08,"멤버쉽카드 도착, 카드등록이 안되네요!! 수정 부탁합니다."
2024-09-08,중고차구매했는데 차량번호 중복으로 카드신청이 안됩니다
2024-09-07,차량번호 변경요청드립니다
2024-09-07,중고차 구매했는데 차량번호 중복으로 회원카드 신청이 안됩니다.
2024-09-07,차량번호 변경 부탁드립니다.
2024-09-07,차량번호 변경하고싶습니다
2024-09-07,충전소 내부에 말벌집 제거바랍니다
2024-09-07,중고차를 구매하였는데 차량번호가 이미 등록되어 있네요. 어떻게 하면 될까요
2024-09-07,충전완료시 금액 하고 실제 카드 결제 금액 상이
2024-09-07,회원 카드를 수령 후에 결제 카드 등록
2024-09-07,차량번호 중복
2024-09-07,차량번호 변경 부탁드립니다.
2024-09-07,중고차량 구매 후 카드신청시 이미등록된 차량이라고 뜹니다.
2024-09-07,중고 차량구입했습니다. 차량조회 중복이 뜹니다.
2024-09-06,"카드 발급 후, 카드가 반송되었습니다. + 원래 카드를 찾았습니다."
2024-09-06,차량번호 변경 부탁드립니다
2024-09-06,차량번호변경 부탁드립니다.
2024-09-06,"중고로 전기차를 구매했는데, 이미 등록된 차량이라고 나와서 문의드립니다."
2024-09-06,차량 번호 변경 부탁드립니다
2024-09-06,신규발급한 회원카드를 장기부재로 수령을 하지 못했습니다.
2024-09-06,급속충전기에서 회원번호 입력 후 비밀번호 문의
2024-09-06,차량번호 변경부탁드립니다.
2024-09-06,가입안됨
2024-09-06,차량 등록번호 변경 요청드립니다.
2024-09-06,중고차량 추가 매입후 회원카드 신규 신청
2024-09-06,전기차 번호
2024-09-06,회원카드 배송 주소 변경
2024-09-06,차량번호 등록(변경) 요청드립니다.
2024-09-06,회원카드 발급
2024-09-06,회원카드문의
2024-09-06,차량번호 변경요청
2024-09-05,차량번호 수정부탁드려요
2024-09-05,차랑번호 변경 요청 드립니다
2024-09-05,회원카드와 결제카드 명의는 동일해야 하나요?
2024-09-05,차량번호 번경요청합니다
2024-09-05,차량번호 변경 요청드립니다
2024-09-05,차량번호 변경 요청드립니다.
2024-09-05,정보변경
2024-09-05,차량번호 변경 부탁드립니다.
2024-09-05,차량번도 등록 요청
2024-09-05,중고 차량 구매로 인한 차량 번호 중복 문제
2024-09-05,차량번호 등록(변경)요청
2024-09-05,회원카드 등록 요청
2024-09-05,차량번호 변경요청
2024-09-05,이미 등록된 차량에 대한 문의
2024-09-05,충전카드 차량번호 수정 요청
2024-09-04,차량번호 변경 요청
2024-09-04,이미 등록된 차량에 대한 문의
2024-09-04,[충전기운영/회원카드및결제] 차량번호 변경요청
2024-09-04,차량번호 변경 요청
2024-09-04,차량번호 변경 문의
2024-09-04,차량번호 변경요청
2024-09-04,차량번호 변경요청
2024-09-04,차량번호 변경요청
2024-09-04,차량 번호 수정 요망
2024-09-04,회원카드 문의드립니다.
2024-09-04,차량번호 변경 요청
2024-09-04,차량번호 변경 요청
2024-09-04,이미 등록된 차량번호입니다.
2024-09-04,차량번호 변경요청
2024-09-04,차량등록
2024-09-04,신규등록
2024-09-04,차량 번호 변경 요청합니다.
2024-09-03,이미 등록된 차량번호입니다.
2024-09-03,차량변경 수정부탁드립니다.
2024-09-03,차량번호 변경 부탁드립니다.
2024-09-03,차량번호 변경부탁드립니다
2024-09-03,차량번호 변경 부탁드립니다.
2024-09-03,차량 번호 변경 부탁합니다
2024-09-03,회원카드 관리자 이전 문의
2024-09-03,차량번호 변경 부탁 드립니다
2024-09-03,차량번호 변경 부탁드립니다.
2024-09-03,차량 번호 변경 등록 부탁드립니다.
2024-09-03,차량번호 변경 등록 부탁드립니다.
2024-09-03,차량번호 변경 관련 문의드립니다.
2024-09-03,차량번호 등록 부탁드립니다.
2024-09-03,차량번호 변경
2024-09-03,임시번호로 카드발급받았습니다.차량등록부탁드립니다.
2024-09-03,회원카드 차량번호 변경부탁드립니다.
2024-09-02,카드 분실 재발급 신청
2024-09-02,카드 회원정보 변경 및 결제카드 등록 문의
2024-09-02,카드 신청시 이미 발급 받은 번호
2024-09-02,회원카드 차량 번호 변경 요청
2024-09-02,회원 카드에 차량 번호 변경 요청
2024-09-02,차량 번호 변경 요청 건
2024-09-02,잘못된 차량번호 수정 요청
2024-09-02,환경부 카드 반송 후 재발급 신청
2024-09-02,회원카드의 차량번호 변경 요청
2024-09-02,신청카드 재발급주소
2024-09-02,이용요금 조회에서 엑셀저장이 안됩니다
2024-09-02,회원카드번호 변경요청
2024-09-02,충전카드 분실
2024-09-02,차량번호 변경 요청 드립니다. 문자로 받은 1661-9408 번호는 없는 전화번호라고 나옵니다.
2024-09-02,결제실패 건 재결제 처리 요청
2024-09-02,중고차 카드발급
2024-09-01,차량번호 변경 요청드립니다.
2024-09-01,차량번호 변경
2024-09-01,회원카드배송 취소해주세요
2024-09-01,번호변경요청
2024-09-01,카드 신청 시 이미 발급 받은 번호라고 뜹니다.
2024-09-01,충전카드 번호 변경요청
2024-09-01,환경부 카드 반송 후 재발급 절차
2024-09-01,잘 써왔던 기존 실물카드(환경부)가 회원인증이 안됩니다
2024-08-31,"중고 전기차 구매했는데, 이미 발급받은 번호라서 안됩니다."
2024-08-31,카드분실 처리및 카드 재발급
2024-08-31,카드등록
2024-08-31,회원 카드 차량 번호 수정 요청드립니다.
2024-08-31,회원카드 차량 번호 수청 요청드립니다.
2024-08-31,차량번호 수정 부탁 드립니다.
2024-08-31,차량번호 변경 요청드립니다.
2024-08-31,차량번호 등록 요청
2024-08-30,"중고차를 구매하였는데, 카드발급을 하려고 하니까 이미 등록된 차량 번호라고 나옵니다."
2024-08-30,카드 등록 부탁드립니다
2024-08-30,차량 번호 수정 및 결제카드 등록
2024-08-30,차량 번호 변경 및 결제 카드 등록이 되지 않습니다.
2024-08-30,차량번호 변경 신청드립니다.
2024-08-30,회원카드
2024-08-30,차량번호 변경 및 결재카드 등록 건의 드립니다.
2024-08-30,차량번호 등록하고자 합니다. 결제 카드 등록 진행이 안되네요.
2024-08-30,차량번호 변경 문의
2024-08-30,차량번호 변경을 하고자 합니다.
2024-08-30,차량번호 등록
2024-08-30,차량번호 변경 신청합니다.
2024-08-30,차량등록 번호 변경
2024-08-30,차량번호 변경신청합니다.
2024-08-30,중고차를 구매했는데 이미 등록된 번호로 등록이 안됩니다.
2024-08-30,중고차를 구매하였는데 기존에 등록된 차량번호라고 뜹니다
2024-08-30,전기 스쿠터 충전관련 카드발급 문의드립니다.
2024-08-30,차량 번호 등록 문의
2024-08-30,차량번호 수정 부탁드립니다!
2024-08-30,차량변경으로 기존 환경부카드 사용가능한가요?
2024-08-29,차량번호 수정 요청드립니다
2024-08-29,등록된 차량번호 변경 요청드립니다.
2024-08-29,차량번호 변경 요청합니다.
2024-08-29,분실 정지 철회
2024-08-29,카드 등기배송 언제쯤
2024-08-29,결제카드 변경 요청(오류 처리된 카드 삭제 불가)
2024-08-29,차량번호 바꿔주세요
2024-08-29,여기 사이트 마우스 드래그 잠금 풀어주세요.
2024-08-29,분실에 따른 카드 재발급 요청
2024-08-29,차량번호 변경 부탁드립니다
2024-08-29,결제카드 변경 요청
2024-08-29,차량번호 변경해주세요
2024-08-29,카드 정보 변경문의
2024-08-29,차량번호 변경요청
2024-08-29,차량번호 변경 요청드립니다.
2024-08-29,카드 신청했는데 언제오나요?
2024-08-29,중고차량 구매 후 회원카드 발급
2024-08-29,공동명의의 경우 회원카드 신청이 1인만 가능합니다. 추가 신청 방법 문의드립니다.
2024-08-29,카드 못받았습니다
2024-08-29,차량번호 변경을 하고자 하는 데 어디서?
2024-08-29,카드정보변경
2024-08-28,결제카드 등록이 안됩니다.
2024-08-28,차량번호등록 신청
2024-08-28,분실및 이름변경
2024-08-28,회원카드 정보 변경 요청 드립니다.
2024-08-28,카드 분실 재발급
2024-08-28,회원카드 차량 정보 변경 문의 드립니다.
2024-08-28,회원카드 차량번호 변경문의
2024-08-28,정보업데이트부탁드립니다.
2024-08-28,분실로 인한 카드 재발급 요청
2024-08-28,차량번호등록방법 알려주세요
2024-08-28,회원정보 수정 부탁드립니다!
2024-08-28,카드 배송
2024-08-27,중고 전기차 이미등록되어 신청 불가
2024-08-27,회원정보 수정 요청
2024-08-27,회원카드 정보 수정 요청드립니다.
2024-08-27,회원정보 변경
2024-08-27,중고차 구매후 회원카드 발급받고싶은데 등록된 차량이라고 뜹니다.
2024-08-27,회원정보 수정
2024-08-27,중고전기차 구입해는데 차량등록
2024-08-27,법인 회원 및 임시번호 관련 문의
2024-08-27,차량번호 변경
2024-08-27,차량번호변경
2024-08-27,카드 재발급
2024-08-26,차량번호 등록을 어디서 하나요?
2024-08-26,중고 전기차 구입 후 환경부 충전가드 발급신청 시 차량번호 중복건 처리부탁드립니다.
2024-08-26,중고차 구매 후 차량번호 중복이라고 나옵니다
2024-08-26,발급한 카드 차량번호 변경 요청
2024-08-26,등록된 카드의 차량번호 변경 방법
2024-08-26,회원카드 차량번호 등록
2024-08-26,회원카드 차량번호 변경요청
2024-08-26,차량번호 수정요청
2024-08-26,민간 충전소 충전량 조회가능 여부
2024-08-26,차량 번호판 등록 번호 수정 요청 드립니다.
2024-08-26,결재 카드 등록 문의건
2024-08-26,회원카드에 차량번호 등록 요청드립니다.
2024-08-26,회원카드 재발행 수령기간
2024-08-26,환경부카드 차량번호 등록
2024-08-25,회원카드관련
2024-08-25,카드삭제 및 정지 요청드립니다.
2024-08-25,카드 2개 삭제 요청
2024-08-25,모바일ev이음 로그인 불가
2024-08-25,차량번호 등록
2024-08-25,차량번호 등록바랍니다
2024-08-25,발급완료라고 뜬 회원카드 배송을 받지 못했습니다. ㅠ ㅠ
2024-08-25,카드등록관련
2024-08-25,차량번호 수정 부탁드립니다
2024-08-25,차량번호 등록 요청드립니다.
2024-08-24,회원카드 차량번호 등록 요청 드립니다.
2024-08-24,중고차를구매했는데
2024-08-24,"충전카드 분실 및 재발급 문의, 이음 앱 사용 문의"
2024-08-24,결제카드등록안됨문의
2024-08-24,차량번호 변경부탁드립니다
2024-08-24,"중고 전기차 구매, 회원카드 신청시 이미 등록된 차량이라고 나옵니다."
2024-08-24,[카드발급]중고차 구입후 차량번호 중복 건
2024-08-24,결제카드등록 안됨 문의
2024-08-23,차량번호 변경
2024-08-23,중고 차량구입했습니다. 차량조회 중복이 뜹니다.
2024-08-23,차량번호 변경 요청
2024-08-23,차량번호 변경 요청드립니다
2024-08-23,회원카드 분실 해제 요청
2024-08-23,차량번호 변경신청
2024-08-23,차량 번호 변경 문의
2024-08-23,차량 번호 변경 요청
2024-08-23,이미 등록된 번호 변경
2024-08-23,차량번호 변경요청
2024-08-23,차량번호 변경 문의
2024-08-23,<가까운 충전소 찾기>에서 충전소 제보
2024-08-23,모바일 회원카드 차량번호 등록
2024-08-23,회원카드 차량번호 등록 요청
2024-08-23,법인 등록 후 카드발급
2024-08-23,회원카드 차량번호 등록 요청방법 문의
2024-08-23,차량번호 등록 요청
2024-08-23,회원카드 분실로 재발급 요청
2024-08-23,차량번호 변경
2024-08-23,차량번호변경건입니다
2024-08-23,카드결제및 환불
2024-08-22,중고로 구입(차량번호 중복으로 뜸)
2024-08-22,차량번호 교체요청
2024-08-22,볼보 xc60 카드 재발급
2024-08-22,차량번호 교체 요청
2024-08-22,차량번호 변경 요청
2024-08-22,차량번호 변경 요청
2024-08-22,신규회원카드 발급 위한 차량등록 변경요청
2024-08-22,차량번호등록요청
2024-08-22,회사차량 충전했으나 요금조회에 안뜸
2024-08-22,중고차 구매후 카드발급
2024-08-22,차량번호 수정 요청 드립니다.
2024-08-22,차량번호 수정등록
2024-08-22,지방출자출연기관으로 개인회원으로 가입 후 기관용 전기차 카드 발급 절차 문의
2024-08-22,신규회원카드 발급 위한 차량등록 변경요청
2024-08-22,환경부 전기차 카드 차량번호 변경요청
2024-08-22,환경부카드 차량번호등록
2024-08-22,차량 번호 수정 요청드립니다
2024-08-22,차량번호 변경 요청
2024-08-21,충전기 고장신고를 얼마나많이해야하나요..
2024-08-21,결재카드 등록 및 번호판 수정
2024-08-21,전기차 충전카드를 분실했습니다. 재발급받고싶습니다
2024-08-21,중고차 구매 후 카드발급 요청
2024-08-21,"회원 카드 수령 후 결제 카드 등록하고자 하는데, 회원 카드 조회가 안됩니다."
2024-08-21,회원카드 발급 차번호 변경
2024-08-21,충전카드 재발급
2024-08-21,등록된 차량번호 변경 요청
2024-08-21,공공데이터포털과 데이터 차이 문의
2024-08-21,전기차 충전 결제 관련 문의사항
2024-08-21,차량 번호 수정 부탁드립니다
2024-08-21,차량번호 변경 요청합니다.
2024-08-21,8월 19일에 회원카드 해지 취소관련 문의드린 사람입니다.
2024-08-21,차량 번호 변경 요청드립니다
2024-08-21,차량번호 변경 부탁드립니다.
2024-08-20,차량번호 변경 부탁드립니다.
2024-08-20,차량번호 변경 부탁드립니다.
2024-08-20,차량번호 변경 요청합니다.
2024-08-20,카드 재발급
2024-08-20,차량번호 등록부탁드립니다
2024-08-20,중고차 구매 후 카드발급
2024-08-20,차량번호 등록 및 회원카드 표기 필요
2024-08-20,차량번호 변경요청합니다.
2024-08-20,차량번호 등록요청
2024-08-20,회원카드 결제가 안됩니다.
2024-08-20,차량번호 변경 요청
2024-08-20,차량 번호 변경 등록 요청
2024-08-20,환경부 회원카드 신청페이지 캐스퍼 일렉트릭 차종 추가 요청드립니다.
2024-08-20,카드 재발급
2024-08-19,차량 번호 변경해주세요
2024-08-19,차량 번호 변경해 주세요.
2024-08-19,차량번호 변경 요청드립니다.
2024-08-19,차량번호 변경 해주세요
2024-08-19,중고차 구매 후 카드발급
2024-08-19,회원카드를 해지했는데 다시 취소할 수 있나요?
2024-08-19,카드 발급완료로 되어있는데 배송이 되지 않았어요
2024-08-19,전기차충전기 이용자 제한 변경요청
2024-08-19,임시로 온라인 발급은 완료 되었는데 차량 번호를 어떻게 바꿀 수 있나요?
2024-08-19,회원카드 분실
2024-08-19,차량번호 변경과 결제카드 등록이 안되요
2024-08-19,전기차 신차구매 전 계약서등으로 카드발급이 미리 안되나요?
2024-08-18,중고차 매입후 회원카드 신청
2024-08-18,회원카드 분실로 인한 재발급 요청
2024-08-18,카드 왔는데요 등록이 안되요 해결해줘요
2024-08-17,회원카드 차량번호 변경 요청드립니다.
2024-08-17,결제카드등록이 안되요!
2024-08-17,중고차 매입후 카드신청껀
2024-08-17,등기우편 배송완료인데 받은게 없습니다.
2024-08-17,등기우편
2024-08-17,아이폰 사용자 회원카드 발급 후 홈페이지/앱에 카드 등록 문의
2024-08-16,차량번호 변경 요청드립니다.
2024-08-16,임시번호로 발급 차량 번호 변경 부탁 드립니다.
2024-08-16,차량번호 변경
2024-08-16,소유자변경
2024-08-16,임시번호로 발급한 카드 차량번호 반영 부탁드립니다
2024-08-16,임시번호로 발급했는데 변경 좀 부탁드립니다
2024-08-16,이용요금 조회 문의
2024-08-16,법인등록 및 중복등록된 차량으로 인한 문제
2024-08-16,차량번호 변경처리 부탁드립니다
2024-08-16,의무구매 임차제 승인
2024-08-16,카드등록 정지요
2024-08-16,차량번호 변경 부탁드립니다
2024-08-16,카드 차량번호 변경바랍니다.
2024-08-16,발급 카드 정지에 대해 문의드립니다.
2024-08-16,회원카드 분실로 재발급 문의
2024-08-16,차랑번호 변경 요청
2024-08-15,차량번호 중복으로 카드 신청안됨
2024-08-15,중고차 구입후 카드 발급 관련
2024-08-15,중고차 구입 후 회원카드 발급 관련
2024-08-15,차량번호변경요청
2024-08-15,차량번호 변경부탁드립니다
2024-08-15,카드 차량번호 변경 부탁드립니다.
2024-08-15,차량번호 등록
2024-08-15,차량번호 등록
2024-08-14,회원카드 등록요청 건
2024-08-14,차량 번호변경 부탁드려요
2024-08-14,실물카드 등록이 안되요
2024-08-14,차량번호 변경 부탁드립니다
2024-08-14,차량번호 변경 부탁드립니다.
2024-08-14,차량번호 수정 부탁드립니다.
2024-08-14,거래제한카드
2024-08-14,중고차 구입 카드 발급 방법
2024-08-14,중고차량 구매 후 카드 발급 추가문의
2024-08-14,신규차량번호 등록 부탁드립니다.
2024-08-14,중고차량 구매 후 카드 발급
2024-08-14,신규 차량번호 등록부탁드립니다.
2024-08-14,카드배송관련
2024-08-14,중고차구매 차량번호 변경 요청드립니다.
2024-08-14,차량번호 변경 부탁드립니다
2024-08-14,신차 차량등록 요청
2024-08-14,차량번호 변경 요청드립니다.
2024-08-14,차량번호 변경 요청 드립니다.
2024-08-14,차량번호 교체 및 결제카드등록이 안됩니다.
2024-08-14,차량번호 변경요청드립니다.
2024-08-13,렌트카 사용을 위한 회원카드 신청
2024-08-13,차량번호 변경 신청합니다
2024-08-13,환경부 카드 재발급(분실)
2024-08-13,회원카드 차량번호 변경 요청합니다.
2024-08-13,차량번호 변경 부탁드립니다.
2024-08-13,중고(신규) 충전카드발급시 문제
2024-08-13,법인사업자 관련 문의 사항
2024-08-13,카드발송은 언제 되나요?
2024-08-13,가정용 완속 충전기 고장 문의
2024-08-13,법인 회원 담당자 변경 요청
2024-08-13,모바일카드에 차량번호 등록 요청
2024-08-13,소속기관 업무담당자 변경
2024-08-13,차량번호 등록
2024-08-13,차량번호 등록 요청
2024-08-13,중고(신규) 충전카드발급시 문제
2024-08-13,멤버십 카드 문의
2024-08-13,차량 번호 변경
2024-08-12,차량번호 등록
2024-08-12,회원카드 (중복) 문제 문의
2024-08-12,임시번호카드발급후 신차구매
2024-08-12,충전카드 차량정보 수정을 부탁드립니다.
2024-08-12,신한카드 갱신된 카드가 등록이 안됩니다.
2024-08-12,처리해주시길 바랍니다.
2024-08-12,홈페이지 연계 방법
2024-08-12,이용요금 조회시 영수증 관련 문의
2024-08-12,차량번호 변경 요청
2024-08-12,차량번호 변경 부탁드립니다.
2024-08-12,신규(중고차) 카드발급문의
2024-08-12,차량번호 변경 부탁드립니다.
2024-08-12,차량번호 변경신청
2024-08-12,차량번호 변경 부탁드립니다.
2024-08-12,차량번호 변경
2024-08-12,원단위 절사
2024-08-12,차량번호변경요청
2024-08-12,공공기관 회원가입 문의 및 결제 금액 관련
2024-08-12,차량 번호 등록
2024-08-12,처리해주시길 바랍니다.
2024-08-12,차량번호 등록
2024-08-12,자동차등록
2024-08-11,차량번호 변경 및 추가 한대 더 차량 등록 부탁드립니다.
2024-08-11,차량번호 등록 및 카드 연동하려하는데요~
2024-08-11,차량번호변경요청
2024-08-11,"중고차 구매하여 회원카드 발급하려고 하는데, 이미 등록되었다고 해서, 발급이 안되는데, 어떻게 해야 하나요?"
2024-08-10,전기차 중고 구입시 카드중복발급
2024-08-10,회원카드 차량번호 등록
2024-08-10,회원카드 차량번호 변경
2024-08-10,전기 차량 매매로 카드 해지 요청
2024-08-10,회원카드 차량번호 번경
2024-08-10,이미등록된 차량
2024-08-10,결재카드등록
2024-08-09,회원카드 등록 문제
2024-08-09,회원카드 발급 완료에 따른 차량번호 변경 요청
2024-08-09,회원카드 발급 받았는데 사용이 않되요
2024-08-09,카드 언제 오나요?
2024-08-09,차량 매도로 인해 카드해지 요청합니다.
2024-08-09,기존 카드 차량번호 변경 신청 문의
2024-08-09,차량번호 등록 및 결제카드 등록 요청
2024-08-09,결제카드 등록에 필요한 정보 제공
2024-08-09,차량 등록 번호 변경 요청
2024-08-08,회원카드 차량 등록 부탁드립니다.
2024-08-08,카드등록
2024-08-08,중고차 구매후 번호 중복 확인 불가
2024-08-08,차량번호 등록
2024-08-08,차량 번호 등록 요청
2024-08-08,차량번호 등록 요청
2024-08-08,차량번호등록
2024-08-08,차량번호 등록 요청드립니다.
2024-08-08,차량번호 변경 및 신용카드 등록
2024-08-08,회원번호 및 카드 비밀번호 조회 방법
2024-08-08,차량번호 변경 요청 드립니다.
2024-08-08,차량 번호 변경 요청
2024-08-08,카드 변경요청
2024-08-08,차량번호변경문의
2024-08-08,차량번호 변경 요청드립니다
2024-08-08,중고차 등록
2024-08-08,중복되어서 카드 신청이 안됩니다 카드번호는 조회가 안되네요
2024-08-08,차량번호 변경 요청합니다.
2024-08-08,차량번호 변경을 요청드립니다.
2024-08-07,회원카드 사용시 연락이 오게 할 수 있나요?
2024-08-07,자동차 등록번호 변경에따른 정보변경 요청
2024-08-07,차량등록했습니다 차량번호 변경 부탁드립니다
2024-08-07,임시번호에서 발급된 차번호로 변경 및 결제카드 등록이 안되는 이유?
2024-08-07,중고로 자동차를 샀는데 이미 등록된 번호라 뜨네요
2024-08-07,수소차 충전혜택
2024-08-07,임시번호에서 번호 변경 요청드립니다
2024-08-07,결제카드 등록
2024-08-07,임시번호에서 차량등록 번호 변경 요청 합니다.
2024-08-07,"임시번호로 회원카드 발급 완료, 사용전 차량번호 등록을 어디서 해야하는지 확인이 어려움"
2024-08-07,충전카드를 못받았습니다
2024-08-07,차량번호 변경신청 요청합니다.
2024-08-06,"카드발급은 완료되었는데, 결제카드등록을 어떻게 하나요?"
2024-08-06,중고차구매자인데 이미등록된 차량이라고 떠서 해결부탁드려요
2024-08-06,중고로 자동차를 샀는데 이미 등록된 번호라 뜨네요
2024-08-06,멤버십카드 결제이용안내 알림카톡
2024-08-06,회원카드 정보 변경
2024-08-06,중고차 환경부카드 발급문의입니다.
2024-08-06,네
2024-08-06,개인정보변경
2024-08-06,차량번호 중복사용불가
2024-08-06,차량번호 등록 신청합니다.
2024-08-06,회원카드 혜택이 뭔가요?
2024-08-06,차량번호 등록 부탁드립니다.
2024-08-06,차랑번호 등록 관련입니다.
2024-08-06,회원카드는 언제쯤 발급하나요? 계속 접수상태입니다
2024-08-06,미납요금 결제
2024-08-06,중고차를 샀는데 카드 신청이 안됩니다.
2024-08-05,분실하여 어플에서 삭제한 카드가 계속 되살아납니다.
2024-08-05,차량번호 등록 요청드립니다.
2024-08-05,차량번호 등록 부탁드립니다
2024-08-05,7월 28일 작성글 답글입니다
2024-08-05,중고차 회원카드 발급 문의
2024-08-05,충전요금 고지서 발급 가능 여부(공공기관)
2024-08-05,회원카드 변경요청드립니다.
2024-08-05,중고차 구매
2024-08-05,차랑번호 변경 요청
2024-08-05,충전 시 영수증발행
2024-08-05,차량번호 변경 문의입니다.
2024-08-05,결제카드 등록 및 차량번호 변경 건
2024-08-05,회원카드 분실시 재발급요청
2024-08-05,중고차 구매시 카드발급 문의
2024-08-05,카드재발급
2024-08-05,회원카드 발급
2024-08-05,환경부카드분실재발급신청
2024-08-05,카드 결제 내역 확인
2024-08-05,안녕하세요.
2024-08-04,차량번호 등록
2024-08-04,카드 등록은 도대체 어떻게 하는겁니까?
2024-08-04,중고차 구매후 카드 신청건
2024-08-03,임시번호로 회원카드신청했는데 발급전에 변경해주세요
2024-08-03,환경부 전기차 충전카드 임시번호로 발급 받았습니다. 차 출고해서 임시번호 교체 받으려 합니다.
2024-08-03,임시 차량번호로 회원카드 발급에 따른 차량번호 변경 요청
2024-08-03,차량등록 번호 변경 및 카드 발급후 결재카드 등록이 안됩니다.
2024-08-03,차량 등록 문의
2024-08-03,회원카드 신청 후 결재카드 등록이 안됩니다.
2024-08-03,중고차량 구입 및 회원카드 신청의 건
2024-08-02,중고차 구입 및 회원카드 신청
2024-08-02,결제카드 변경에 따른 기존 결제 건 취소 문의
2024-08-02,차량번호 변경 부탁드립니다.
2024-08-02,차량번호 변경 요청입니다.
2024-08-02,이용요금 조회가 안됩니다(연락처 등록)
2024-08-02,회원카드 차량번호 변경
2024-08-02,홈페이지 가까운충전소찾기 메뉴 미추홀구 없고(남구로 되어있음) 남구 검색시 아무것도 안나옴
2024-08-02,회원카드 받았는데 결제카드 등록이 안되네요
2024-08-02,환경부 카드 사용 제한 문의 및 법인 카드 등록 방안 건의
2024-08-02,회원정보 변경
2024-08-02,이용요금 조회가 안됩니다
2024-08-02,차량 정보 변경 신청
2024-08-02,충북 진천군 관내 충전기 환경부 멤버십카드 사용가능 여부
2024-08-02,실물카드 등록 할려니 정지카드라고 합니다.
2024-08-02,차량 번호 변경 요청드립니다.
2024-08-02,차량번호 변경 부탁 드립니다.
2024-08-01,차량번호 변경 요청 드립니다.
2024-08-01,차량번호 변경 부탁드립니다.
2024-08-01,차량번호 변경 부탁드립니다.
2024-08-01,전기차 차량번호판 변경
2024-08-01,차량번호 변경 바랍니다
2024-08-01,차량번호 수정 부탁드립니다
2024-08-01,충전요금 카드별 조회
2024-08-01,회원카드 명세표 표기 건의사항
2024-08-01,차량 번호 변경 부탁드립니다.
2024-08-01,장애인 충전요금 할인 관련 질의
2024-08-01,차량번호 변경 부탁드립니다.
2024-08-01,회원카드 분실 찾음
2024-08-01,차량번호 변겅
2024-08-01,중고차 등록
2024-08-01,차량번호 변경의 건
2024-08-01,중고차 구입 카드신청
2024-07-31,중고차를 구매하였습니다.
2024-07-31,차량번호 변경 건
2024-07-31,카드
2024-07-31,실물카드 등록건
2024-07-31,문의드립니다
2024-07-31,차량번호 수정요청
2024-07-31,차량번호 변경신청
2024-07-31,차량번호 변경 요청
2024-07-31,차량번호변경 부탁드립니다
2024-07-31,플러그인 하이브리드 차량의 저공해 차량 인증
2024-07-31,차량 번호 변경 부탁드립니다.
2024-07-31,충전카드 자동차 번호 등록 요청 건
2024-07-31,차량번호 변경 부탁드립니다.
2024-07-31,차량번호 변경 요청합니다
2024-07-31,차량번호 변경 관련 추가 문의
2024-07-31,회사 법인 차량 충전카드 사용자 변경 및 카드 해지 방법
2024-07-31,이용대금명세서 발급
2024-07-31,회원카드 신청하려는데 이미 등록된 차라고 나옵니다
2024-07-31,수소충전 문의드립니다.
2024-07-31,충전소 리스트 데이터 관련 문의
2024-07-31,차량구입시 충전카드 분실 재발급을 받으려고합니다
2024-07-31,신차 차량번호 등록
2024-07-30,차량번호 변경 부탁드립니다.
2024-07-30,차량번호 변경 요청 드립니다.
2024-07-30,중고 구입 으로 카드 신청합니다.
2024-07-30,멤버십카드등록
2024-07-30,카드분실 재발급
2024-07-30,"차량번호 변경 요청드립니다,."
2024-07-30,회원카드 재발급 방법
2024-07-30,차량번호변경 요청
2024-07-30,차량번호변경 신청드려요
2024-07-30,차량번호 변경신청합니다
2024-07-30,차량번호 변경 요청
2024-07-30,결제 계좌변경
2024-07-30,차량번호 수정요청드립니다.
2024-07-30,차랑번호 변경
2024-07-30,차량번호 변경 요청
2024-07-30,차량번호 변경요청
2024-07-30,중복가입차량
2024-07-30,차량번호 변경 요청드립니다
2024-07-30,카드 발급 및 충전 문의
2024-07-30,차량번호 변경 요청
2024-07-30,결제내역 확인
2024-07-30,차량번호 변경
2024-07-30,차량번호 변경 요청드립니다.
2024-07-30,차량번호 변경 요청
2024-07-29,임시번호 등록 카드 변경
2024-07-29,카드 차량 임시등록 변경요청
2024-07-29,중복가입
2024-07-29,개인사업자 회원가입
2024-07-29,차량번호 등록 요청
2024-07-29,차량번호 중복에 따른 등록 요청
2024-07-29,차량번호 등록요청
2024-07-29,담당자변경
2024-07-29,지자체 담당자 로그인 문의
2024-07-29,차량번호 등록 요청
2024-07-29,회원카드 신청 관련
2024-07-29,임시로 등록한 차량 번호 변경 요청
2024-07-29,공공기관 충전 카드 발급 문의
2024-07-29,카드 발급내역에서는 확인이 되는데 정지된카드라고 나옵니다.
2024-07-28,차량번호 등록 요청드립니다
2024-07-28,차량 번호 등록
2024-07-28,차량번호 중복으로 등록불가
2024-07-28,기존 카드 재사용방법
2024-07-28,충전카드 차량정보 수정 부탁드립니다
2024-07-28,카드 재발급 관련
2024-07-28,개명신청
2024-07-27,차량번호 등록 부탁드립니다
2024-07-27,발급받은 실물카드를 어플에서 등록하려고 nfc사용을 하니 정지카드라고나와요
2024-07-27,카드 기간만료
2024-07-27,회원카드 차량번호 변경 부탁드립니다
2024-07-27,카드
2024-07-27,회원카드 정보수정 요청합니다.
2024-07-27,차량번호변경 요청드립니다.
2024-07-27,차량번호 변경 부탁드립니다.
2024-07-27,환경부 카드 결제
2024-07-27,회원카드 차량번호 수정 요청
2024-07-27,회원카드 차량 번호 변경 요청 (임시 → 정식 번호판)
2024-07-27,임시 번호로 등록 했으나 차량 번호판이 나와 차량 번호 변경 부탁 드립니다.
2024-07-26,회원가드
2024-07-26,임시번호로 카드 등록했는데 전환 신청하고 싶습니다.
2024-07-26,회원카드 차량번호 수정
2024-07-26,차량번호 변경 요청
2024-07-26,차량번호 등록 수정 및 결제 카드등록
2024-07-26,차량번호 변경 바랍니다.
2024-07-26,차량변경등록부탁드립니다.
2024-07-26,차량번호 변경부탁드립니다
2024-07-26,차량번호 변경 바랍니다.
2024-07-26,관용차량 담당자 변경
2024-07-26,차량번호 변경 요청
2024-07-26,차량번호 등록 부탁 드립니다.
2024-07-26,차량번호 등록/변경 요청드립니다.
2024-07-26,차량번호 변경 요청드립니다
2024-07-26,차량번호 변경요청드립니다
2024-07-26,카드 사용이 안됩니다.
2024-07-26,차량번호 변경요청드립니다.
2024-07-26,질문있습니다
2024-07-26,차량번호 등록 부탁드립니다
2024-07-26,인사이동 관련 전기차 멤버십카드 관리
2024-07-26,차량번호변경등록 부탁합니다.
2024-07-26,중고차 구매후 카드신청
2024-07-25,2주가 넘었는데 환경부 카드가 도착을 안해요
2024-07-25,중고차 차량번호 등록
2024-07-25,중고차 신규 등록
2024-07-25,차량등록정보 수정
2024-07-25,"차량 번호 변경, 결제카드 등록 문의"
2024-07-25,차량 번호 바꾸려구요!
2024-07-25,회원카드 발급 후 결제카드 등록을 어떻게?
2024-07-25,차량번호 변경
2024-07-25,차량번호 변경
2024-07-25,카드 분실 재발급
2024-07-25,중고차 신규 등록
2024-07-25,차량번호 변경
2024-07-25,결제카드 등록 및 차량 번호 수정
2024-07-25,차량번호 수정요청
2024-07-24,차량번호 수정요청
2024-07-24,차량번호 수정요청
2024-07-24,차량 번호 변경 등록 요청 드립니다
2024-07-24,중고차 구매 후 카드발급시 중복 차량번호
2024-07-24,회원카드 차량번호 변경 요청합니다.
2024-07-24,이미등록된차량
2024-07-24,회원카드 차량번호 변경요청드립니다.
2024-07-24,분실카드 재발급 요청
2024-07-24,차량번호 수정요청
2024-07-24,차량번호 수정요청
2024-07-24,카드 재사용 요청
2024-07-24,카드 차량 정보 등록
2024-07-24,차량번호 변경 요청
2024-07-24,카드 차량정보 변경 요청
2024-07-24,차량번호 변경
2024-07-24,차량번호 변경
2024-07-24,차량번호변경부탁드립니다.
2024-07-24,환경부 충전기 사용 원단위 절사 결제 방법 문의
2024-07-24,차량정보변경
2024-07-24,타기관 충전소 충전내역
2024-07-24,중고차 샀는데 이미 등록된 회원이라도 떠서 회원카드 발급이 안되네요
2024-07-23,차량번호 변경 부탁드립니다.
2024-07-23,차량번호 변경 부탁드립니다^^
2024-07-23,차량번호 변경 요청 드립니다.
2024-07-23,카드 불실로 인하여 재발급 받길 바랍니다.
2024-07-23,이용요금 조회메뉴에서 해당건이 조회가 안됩니다
2024-07-23,차량번호 변경요청
2024-07-23,전기스쿠터 충전 시 멀티탭 사용하면 2개 충전 가능한가요? 외 1개 추가질문
2024-07-23,회원카드 차량번호 수정요청
2024-07-23,중고 전기차 구입 후 회원카드 발급 안됨(차량번호 중복)
2024-07-23,충전카드 분실
2024-07-23,전기차 관련 문의드립니다.
2024-07-23,발급 배송 확인 부탁드립니다.
2024-07-23,회원카드 등록
2024-07-23,분실카드 재발급 요청
2024-07-23,카드 분실해서 재발급 받으려고 하는데 중복됐다고 신청이 안됨
2024-07-23,카드 재사용
2024-07-22,차량번호 수정 요청
2024-07-22,카드 분실해서 다시 신청하려고 하는데... 이미 등록된카드라고 나옵니다.
2024-07-22,중고차 구입후 중복된번호
2024-07-22,임시번호 수정
2024-07-22,임시번호 변경
2024-07-22,충전회원카드
2024-07-22,카드 등록하려니 정지된 카드라고 합니다.
2024-07-22,차량등록
2024-07-22,차번호 다시 알려드립니다
2024-07-22,중고로 구매했는데 이미 등록된 차번호
2024-07-22,분실 상태 카드 삭제 요청
2024-07-22,회원카드 해제 부탁드립니다.
2024-07-22,중고구매후 카드신청
2024-07-22,회원카드 재발급
2024-07-21,중고 구매 했는데 이미 등록된 차량이라 하네요
2024-07-21,충전요금 조회
2024-07-21,차량번호 변경
2024-07-21,기 등록차량 (중고구매후 등록시)
2024-07-21,맴버쉽카드등록
2024-07-20,차량번호 변경
2024-07-20,법인에서 운영하는 차량 담당자 변경으로 카드 변경등록 하고 싶습니다.
2024-07-20,충전요금조회 문의
2024-07-20,등록차량?중고차량 명의변경차량
2024-07-20,카드를 등록하니 정지된 카드라고 합니다
2024-07-20,차량번호등록
2024-07-19,차량번호등록
2024-07-19,중고차량번호 중복으로 카드신청안됨
2024-07-19,"중고차 구입후 카드 발급과정에서 ""중복된 차번호""로 인한 문제 및 이름 개명의 문제"
2024-07-19,중고차량 구매 후 신규 카드 발급 불가
2024-07-19,주차장 할인이 않됩니다
2024-07-19,차량번호 변경요청 드립니다
2024-07-19,실물카드 정지 풀어주세요~
2024-07-19,카드 차량 번호 변경 부탁드립니다
2024-07-19,임시등록 차량번호변경요청
2024-07-19,차량넘버 교체해주세요
2024-07-19,차량 번호좀 바꿔주세요!
2024-07-19,미등록카드라고 뜹니다
2024-07-19,차량번호등록
2024-07-19,sns 계정연결 질문입니다.
2024-07-19,차량 번호 등록
2024-07-19,차량번호 변경 요청
2024-07-19,포인트카드등록방법
2024-07-19,차량번호 및 결재카드 등록 방법 문의 (답변 회신)
2024-07-19,회원카드 유효기간
2024-07-19,회원정보 변경 재요청
2024-07-19,회원등록과 결재카드
2024-07-19,차량번호 및 결재카드 등록 방법 문의
2024-07-19,차량번호 등록 및 결제카드 등록
2024-07-19,환경부카드 자동차번호 변경 부탁드립니다
2024-07-18,결제카드
2024-07-18,차량번호 등록
2024-07-18,카드 수령후
2024-07-18,카드 등기 도착 시간
2024-07-18,중고차 구매 후 차량번호 중복
2024-07-18,중고차구매 후 카드신청시 차량번호 중복
2024-07-18,결제카드 등록
2024-07-18,회원카드 차량번호 등록 부탁드립니다.
2024-07-18,회원정보 수정(전화번호 수정)
2024-07-18,차량번호 등록 및 결제카드 등록
2024-07-18,차번호 나와서 등록하고싶습니다
2024-07-17,발급카드 차량번호 등록 및 결제카드등록
2024-07-17,중고차 구입 시 충전카드 발급 방법은?
2024-07-17,차량 중복등록
2024-07-17,임시카드발급으로 인한 차량번호 등록
2024-07-17,내차 무공해 확인 일치화 (차대번호 = 차량번호) 요청 문의
2024-07-17,차량 번호 변경 요청
2024-07-17,차량번호와 카드등록
2024-07-17,이용요금조회
2024-07-17,카드와 차량번호 수정
2024-07-17,소유주변경으로 회원카드 추가 발급요청
2024-07-17,차량번호 변경 부탁드립니다.
2024-07-16,자동차번호 변경 요청
2024-07-16,중고 전기차를 구매 후 회원카드 신청불가
2024-07-16,하이브리드 카드 발급 가능 여부
2024-07-16,분실했는데 카드를 찾았어요. 등록방법 문의
2024-07-16,차량번호 변경 등록 요청건
2024-07-16,회원정보 승계 가능여부
2024-07-16,차량번호 변경
2024-07-16,차량번호 변경
2024-07-16,재발급 문의
2024-07-16,회원카드 해지요청
2024-07-16,담당자 변경에 따른 정보 변경 문의
2024-07-16,이상 없는 결제카드 인데 카드정지로 결제가 안된다고 나옵니다. 확인 부탁드립니다.
2024-07-16,회원카드 2개 등록 가능여부
2024-07-16,차량 번호 등록 부탁드립니다.
2024-07-16,차량번호 및 회원카드 등록 요청드립니다.
2024-07-16,차량 등록 + 회원카드 차량 번호 수정 부탁드립니다.
2024-07-15,차량번호변경
2024-07-15,차량번호 등록 부탁드려요...
2024-07-15,회원카드 해지 요청
2024-07-15,충전카드 신청
2024-07-15,카드발급후 차번호변경해주세요
2024-07-15,개인->법인 계정 변경 및 회원카드 자등차번호 변경 요청
2024-07-15,결제카드 등록이 않됩니다
2024-07-15,차량번호 변경 과 결제카드 등록
2024-07-15,차량번호 변경 등록 요청드립니다
2024-07-15,충전카드 분실
2024-07-15,충전카드 분실
2024-07-15,통합관리시스템 내의 충전 이력 수정/삭제 방법 문의
2024-07-15,확인부탁드립니다 .
2024-07-15,차량번호 변경 등록 요청
2024-07-15,중고차 구입 이미등록된차량 카드발급 안대요
2024-07-15,ev3 차량등록 언제부터 가능한지 문의드립니다.
2024-07-14,멤버십카드 차량번호 변경 요청드립니다~
2024-07-14,차량번호수정부탁드립니다.
2024-07-14,카드등록
2024-07-14,결제카드 등록문의
2024-07-14,중고차 카드 발급
2024-07-14,차량번호 수정 및 결제카드 등록이 안됩니다.
2024-07-13,결제카드 등록 문의드립니다.
2024-07-13,중고차 구입후 차량중복이 떠서 카드발급을 못 받고 있습니다.
2024-07-13,전기차 충전카드에 연동된 차량번호 변경요청합니다.
2024-07-13,중고차 구매후 회원카드 신청시 중복오류건 해결방법
2024-07-13,회원카드 오류의 건
2024-07-12,차량번호 변경
2024-07-12,결재카드 등록 어떻게 하나요?
2024-07-12,"회원카드 신청해서 카드는 받았는데, 등록이 안됩니다. 조회했는데 아무것도???? 도와주세요"
2024-07-12,카드분실
2024-07-12,비회원으로 충전한 영수증을 받고 싶습니다(출장증빙용)
2024-07-11,카드발급이 안됩니다
2024-07-11,차량번호 수정 방법 및 결재카드 등록 방법을 알려주세요.
2024-07-11,차량번호 수정 요청합니다.
2024-07-11,중고차 구입후 카드신청관련 차량번호 중복
2024-07-11,공공충전인프라 맴버십카드 문의
2024-07-11,차량번호 수정 부탁드립니다.
2024-07-11,카드발급문의
2024-07-11,차량번호 수정 요청합니다.
2024-07-11,차량번호 수정 요청 드립니다.
2024-07-11,차량등록번호수정요청합니다.
2024-07-11,차량번호 수정 요청 드립니다.
2024-07-11,차량번호 수정
2024-07-11,차량번호 수정바랍니다.
2024-07-11,카드 발급 문의
2024-07-11,가까운 충전소 찾기에서 4년정도 된 신축아파트에는 충전소 설치확인
2024-07-11,중고 차량 구매 후 발급 신청시 이미 등록된 차량
2024-07-11,차량번호 변경신청
2024-07-11,차량명의와 카드명의가 다를때
2024-07-10,중고차 구입후 카드발급 막힘
2024-07-10,회원카드발급
2024-07-10,충전요금 카드별 조회
2024-07-10,중고차 구입후 카드발급방법
2024-07-10,차량번호 수정바랍니다
2024-07-10,회원카드 등록 및 사용법 문의드립니다.
2024-07-10,차량번호 변경 요청 드립니다.
2024-07-10,차량 번호 변경 요청드립니다.
2024-07-09,중고차 구입후 카드발급
2024-07-09,중고차 구입후 환경부 등록
2024-07-09,회원카드 파손시 재발급문의
2024-07-09,중고 전기차 구매자 회원카드 등록 관련 문의
2024-07-09,24.07.03 오후에 충전하였는데
2024-07-09,회원번호가 등록되지않았다고 나옵니다.
2024-07-08,회원카드 등록
2024-07-08,카드등록
2024-07-08,중고차 구매후 회원카드 발급
2024-07-08,충전기 운영시기 문의
2024-07-08,회원카드 분실
2024-07-08,카드 반송
2024-07-08,중고차량 구입 회원카드발급
2024-07-08,차량번호 중복 등록 관련 2
2024-07-08,차량번호 변경 등록 요청합니다.
2024-07-08,차량 사용자 변경에 따른 카드 등록
2024-07-08,차량번호 중복 등록 관련
2024-07-08,법인사업자 회원카드 대량 발급 요청
2024-07-07,중고차량 구입
2024-07-07,충전카드 만들기 전에 차가 안나와서 차량번호 수정해야되는데 어케해야되나요
2024-07-07,회원카드에 등록된 차량번호 오류
2024-07-07,회원카드 해지요청
2024-07-07,처리해주시길 바랍니다.
2024-07-06,안녕하세요
2024-07-06,차량번호 변경
2024-07-06,차량번호 변경 요청합니다
2024-07-06,카드 등록이 뜨지 않습니다.
2024-07-06,카드등록에 뜨지않습니다
2024-07-05,차량번호 변경 요청
2024-07-05,카드 반송
2024-07-05,차량번호 변경 후에 저공해 3종 차량 등록 질문입니다.
2024-07-05,환경부 카드 분실로 인한 재발급 신청 오류
2024-07-05,롯데백화점 건대스타시티점 및 스타시티몰 전기차 충전시설 문의
2024-07-05,회원카드 등록
2024-07-05,차량번호 변경 요청
2024-07-05,차량번호 변경요청
2024-07-05,차량번호 변경 요청
2024-07-05,차량번호 변경 요청
2024-07-04,차량번호 변경 신쳥
2024-07-04,"회원카드 반송되었는데, 재발송 부탁드립니다."
2024-07-04,차량번호 변경 요청
2024-07-04,차량번호 변경 요청
2024-07-04,차량번호 변경 요청 드립니다.
2024-07-04,차량번호변경
2024-07-04,차량번호변경 부탁드립니다
2024-07-04,전기차 충전 요금 데이터 요청드립니다.
2024-07-04,충전기 용량별 문의합니다
2024-07-04,충전 정보 데이터 연동 문의
2024-07-04,차량번호 변경 요청
2024-07-04,결제카드 등록 및 차량번호 변경
2024-07-04,실물카드+모바일카드
2024-07-04,차량번호 변경
2024-07-04,차량 변경 후 회원카드 이용 문의
2024-07-04,다른 ID에 대한 비번 변경 요청
2024-07-04,중고차 구매 후 회원카드 발급시 문의
2024-07-04,차량 변경 후 회원카드 이용 문의
2024-07-03,차량번호 오류
2024-07-03,차량번호 변경 요청
2024-07-03,충전 이용요금 조회 관련_2
2024-07-03,회원카드 분실
2024-07-03,안녕하세요. 누리집 홈페이지 업체등록 관련 문의드립니다.
2024-07-03,"(카드 분실)재발급 하려는데, 마이페이지에 회원카드 관리 목록이 안보이네요 .."
2024-07-03,자동차 명의이전 후 회원카드 발급신청
2024-07-03,차량번호 변경요청
2024-07-03,담당자 변경으로 연결 전화번호 변경 요청합니다.
2024-07-03,사업자회원 홈페이지 가입 문의
2024-07-03,환경부 카드 로밍
2024-07-03,관용차량 법인명의 카드 발급
2024-07-03,사업자(법인)회원 / 카드 등록관련
2024-07-03,전기차 중고차 구매 차량 회원카드 발급불가
2024-07-03,중고차 구매 자동차등록
2024-07-02,중고차 구매 후 회원카드 발급
2024-07-02,차량번호 변경 요청 및 결제카드 등록오류
2024-07-02,카드발급받고 배송중이며 결제카드 연결도 했습니다만
2024-07-02,중고차구매 회원카드 신청
2024-07-02,모바일 웹패이지내 일별 충전내역 조회가 불가하여 매우 불편합니다. 이전에는 사용가능하였습니다.
2024-07-02,차량번호 변경 요청
2024-07-02,충전 이용요금 조회 관련
2024-07-02,중고차 구매 환경부 카드 발급
2024-07-02,회원카드 발급 관련 문의
2024-07-02,충전카드 차량번호 변경
2024-07-02,충전카드 차량번호 변경
2024-07-02,차량번호 변경 요청
2024-07-02,중고차구입후 카드 재발급받을려고요
2024-07-01,회원카드 분실/신청 건
2024-07-01,카드 반송관련
2024-07-01,차량번호수정 요청
2024-07-01,중고차 구매 후 회원카드 발급 불가
2024-07-01,중고차 구매로 환경부충전카드 발급시 차량 번호 중복으로 발급이 진행이 안되고 있어요~
2024-07-01,차량번호 변경 요청
2024-07-01,이미 중복된 차량번호
2024-07-01,결재카드 등록 관련
2024-07-01,자동차 판매 이후 정보변경
2024-07-01,차량번호 변경 요청
2024-07-01,미납요금 결제 방법
2024-07-01,카드 등록 요청
2024-07-01,차량번호 변경요청
2024-07-01,임시차량번호 변경요청
2024-07-01,차량 번호 변경
2024-07-01,이미등록된 차량
2024-06-30,차량번호 변경 요청
2024-06-30,이미등록되어 있는 차량 회원카드 재발급.
2024-06-30,차량번호 변경
2024-06-30,이미등록된차량
2024-06-30,차량번호 수정 문의
2024-06-30,차량변호수정및 결제카드 등록
2024-06-30,차량번호변경요청합니다.
2024-06-30,차량번호 변경 요청
2024-06-29,차량번호 변경 요청
2024-06-29,이미 등록된 차량번호 문의
2024-06-29,임시차량번호 변경요청합니다..
2024-06-29,차량번호 수정 및 결제카드 등록
2024-06-29,임시차량번호 수정
2024-06-29,카드가 반송됐습니다
2024-06-29,임시차량번호 수정요청
2024-06-29,렌트카 이용중인데 차량번호가 이미 등록되어 있다고 나옵니다.
2024-06-29,회원카드 차량번호 변경 부탁드립니다
2024-06-29,장기렌트로 차량이 나오기 전에 발급
2024-06-28,"회원 카드 등기 신청했는데, 부재중이라서 반송 되었습니다."
2024-06-28,차량번호 수정 요청
2024-06-28,중고차 구매 카드발급
2024-06-28,회원카드 왔는데 사용방법 결제등록 안뜨는데 어떻게하나요?
2024-06-28,차량번호수정
2024-06-28,중고차 구입후 회원카드 신청 문의
2024-06-28,중고차 구매
2024-06-28,차량번호 등록 요청
2024-06-28,중고차 구입 후 카드 신청
2024-06-28,차량번호 변경요청
2024-06-28,중고차구매로 이전 등록자 삭제 요청
2024-06-28,영수증 조회
2024-06-28,차량번호변경요청
2024-06-28,실물카드 등록 어떻게 하나요?
2024-06-28,중고차 구매로 인한 이전 번호 삭제 요청드립니다
2024-06-28,차량번호 등록 요청
2024-06-28,회원가입 및 회원카드 신청 문의
2024-06-28,차량번호 변경 요청
2024-06-28,회원카드 차량번호 등록 및 정지카드 해제
2024-06-27,임시차량번호를 정식번호로 변경 요청합니다.
2024-06-27,차량번호 등록 부탁드립니다.
2024-06-27,충전카드 분실로 인한 재발급 문의
2024-06-27,반송처리 카드 주소지로 다시 배송 요청
2024-06-27,차량번호 변경
2024-06-27,차량 번호 변경
2024-06-27,전기차 충전 관련 영수증 또는 문자를 받을 수 있을까요?
2024-06-27,차량번호 변경 문의
2024-06-27,"환경부 카드, 파손으로 인한 재 발급 문의"
2024-06-27,카드정보 변경 부탁드립니다.
2024-06-27,임시차량번호 수정요청 부탁드립니다.
2024-06-27,제외자동차 승인요청 언제 승인처리 되는지 궁금합니다.
2024-06-27,중고차 구매 후 회원카드 발급건
2024-06-27,중고차 구매후 회원카드를 발급 받으려고 합니다. 차량 번호가 등록 되어 있어서 카드 발급이 안됩니다.
2024-06-27,차량 임시번호 수정요청
2024-06-27,기아 ev3 는 언제 등록되나요?
2024-06-26,차량 등록 번호 수정 재요청
2024-06-26,중고 렌트
2024-06-26,멤버십 카드 등록 NFC등록중 정지카드라고 나옴
2024-06-26,충전할때 일원단위 말고 1~2만원 딱 충전 할수있게 못하나요 ~?
2024-06-26,중고차 기등록 삭제 요청
2024-06-26,임시 차량 번호 수정 요청
2024-06-26,중고차 중복 등록 문의
2024-06-26,카드와 차량번호 불일치 수정은?
2024-06-26,중고차 구매 카드번호 중복 재질문 드립니다.
2024-06-26,차량 번호 수정 등록
2024-06-26,중고차 카드 번호 중복
2024-06-26,결재카드등록은 어떻게 하는건가요?
2024-06-26,임시번호 차량 수정요청
2024-06-26,임시차량번호 수정 요청
2024-06-25,중고로 차 구매후 카드 발급시 번호중복이라고 나옵니다.
2024-06-25,임시 차량 번호 수청 요청
2024-06-25,중고차 구매 후 회원카드 신청 시 차량번호 중복
2024-06-25,중고차 구매 후 차량번호 중복으로 기존 차량 삭제
2024-06-25,결제카드 등록
2024-06-25,임시 번호로 인한 차량번호 변경 요청의 건
2024-06-25,임시 차량번호 등록 수정 요청 드립니다.
2024-06-25,임시 번호로 인한 차량번호 변경 요청의 건
2024-06-25,임시번호로 카드 발급 차량번호 변경은 어떻게 하는건가요?
2024-06-25,차량 소유주 변경으로 인한 카드 정지 요청
2024-06-25,회원카드 발급 관련 문의
2024-06-25,임시번호로 발급에 따른 자동차번호 변경(등록) 건
2024-06-24,임시번호 발급후 차량번호 등록요청
2024-06-24,결제카드 사전발급후 차량번호 등록
2024-06-24,차량번호 변경 부탁드립니다.
2024-06-24,차량임시번호로 멤버십카드발급 받고 차량등록하는 방법
2024-06-24,차량 번호 변경 요청 건
2024-06-24,환경부카드 분실
2024-06-24,카드 발급 신청후 받지를 못했는데 어떻게 해야하나요?
2024-06-24,카드 분실로 재발급
2024-06-24,환경부 카드 사전발급 후 차량번호 등록
2024-06-24,카드 재발급을 원하는데 어떻게 할까요?
2024-06-24,볼보 xc60 카드 발급은 어떻게 하나요 ?
2024-06-24,입금했습니다 결재 취소 부탁드립니다
2024-06-24,결제 실패 내역 확인
2024-06-24,발급된 회원카드는 2장입니다. 실물은 한장 입니다.
2024-06-24,회원카드로 충전시
2024-06-24,결제 계좌번호 요청
2024-06-24,카드 분실 후 재발급 문의
2024-06-24,공공기관 차량 충전카드 등록 관련 질의
2024-06-24,중고차 구매후 이미 차량 번호 등록된 경우
2024-06-24,신차 출고전 회원 등록
2024-06-23,임시번호로 발급 후 차량번호 변경
2024-06-23,결제카드 등록 및 차량번호 변경
2024-06-23,임시번호로 카드발급했는데 차량번호 등록요청
2024-06-23,이미 등록된차량이라고 나옵니다
2024-06-22,중고차 구입 후 차량번호 처리요청
2024-06-22,차량번호 변경요청
2024-06-22,차량번호 등록해주세요
2024-06-22,회원카드 차량번호등록 변경요청
2024-06-22,차량 등록불가
2024-06-22,차량 번호 변경 요청합니다
2024-06-22,차량번호 변경 요청
2024-06-22,환경부 충전 연결 안됩니다
2024-06-22,"(주)투이스이브이씨 충전기,어플 전부작동불가"
2024-06-22,분실 해제 요청 및 결제카드변경
2024-06-22,차량 번호 변경 요청
2024-06-22,차량 번호 변경 등록 요청 드립니다.
2024-06-22,차량번호 변경 부탁드립니다.
2024-06-22,신차 구매로 차량번호 변경 가능한가요?
2024-06-21,차량번호 변경
2024-06-21,결제카드 등록이 안됩니다.
2024-06-21,차량 번호 변경
2024-06-21,회원카드 등록 문의
2024-06-21,차량 번호 변경
2024-06-21,회원카드정보수정
2024-06-21,[법인] 회원카드 발급 및 관리 문의
2024-06-21,결제카드 등록이 안되요
2024-06-21,차량 번호 변경 요청
2024-06-21,"중고차 구입후 , 차량번호로 등록 되어 있어 카드 발급을 못하고 있습니다. 해결 방안 알려주세요"
2024-06-21,차량 변경 문의
2024-06-21,차량번호 변경 부탁드립니다.
2024-06-20,중고차구매 차량중복 카드발급불가 문의
2024-06-20,차량번호 변경
2024-06-20,차량번호 변경 요청
2024-06-20,차량번호 변경 및 결제카드 변경
2024-06-20,등기배송된 카드를 받지 못하였습니다
2024-06-20,차량번호 변경요청
2024-06-20,중고 전기차 구매했는데 기존 차주 이름으로 등록이 되어있어서 카드 신청을 못해요
2024-06-20,중고 전기차 구입을 했습니다.
2024-06-20,충전 비용 정산일 문의
2024-06-20,차량번호 등록 요청
2024-06-20,재문의 회원 카드 발급 문의
2024-06-20,회원카드 차량번호 변경 요청
2024-06-20,등록카드 차량번호 변경요청
2024-06-19,중고차 구매시 전 차주가 이미 해당 차량번호로 회원카드 발급 중복
2024-06-19,차량번호 변경 요청
2024-06-19,차량번호 변경요청
2024-06-19,차량번호 등록요청
2024-06-19,등록카드 차량번호 변경 요청
2024-06-19,회원카드 차량번호 등록 요청
2024-06-19,결제시 문의드립니다.
2024-06-19,차량번호 변경 요청
2024-06-19,차량번호 변경요청
2024-06-19,회원카드가 불량인지 인식이 잘 되지 않습니다. 재발급 요청드립니다.
2024-06-19,차량번호 등록 수정요청합니다.
2024-06-19,차량번호 수정요청합니다
2024-06-19,중고차구입후 카드신청했으나 이미 등록카드
2024-06-18,차량번호변경부탁드립니다
2024-06-18,차량번호 변경요청
2024-06-18,차량번호 변경 부탁드립니다.
2024-06-18,차량번호 변경 요청
2024-06-18,회원카드 차량번호 변경부탁드립니다.
2024-06-18,차량번호 변경 부탁드립니다.
2024-06-18,전기차 충전카드 발급 관련 확인 요청
2024-06-18,모바일카드 차량등록요청
2024-06-18,차량번호 변경부탁합니다
2024-06-18,발급카드 신규차량 등록요청
2024-06-18,중고 전기차구매했는데 차량번호가 이미등록되어있다고하는데 발급을 어떻게 해야 하나요?
2024-06-18,중고차 구매. 이미 등록된 차량번호
2024-06-18,충전카드 재발급
2024-06-18,차량번호 변경 부탁드립니다.
2024-06-18,차량 승계에 따른 기발급 카드 사용에 대한 안내 요청
2024-06-18,차량번호 변경및 결제카드등록
2024-06-17,회원카드 불량으로 인식이 안됩니다~ 재발급 받고 싶습니다~
2024-06-17,충전카드를 분실했습니다.
2024-06-17,차량등록 번호 변경요청요
2024-06-17,회원카드 분실 (재신청을 하고 싶은데 어떻게 하면 되나요?
2024-06-17,차량번호 수정
2024-06-17,전에 카드를 그대로사용할수있나요?
2024-06-17,차량등록번호 변경요청
2024-06-17,차량등록번호 변경 요청
2024-06-17,차량번호 수정
2024-06-17,차량번호 수정
2024-06-17,분실 재발급요청
2024-06-17,차량등록변경 요청 드립니다.
2024-06-17,회원카드신청시 임시번호 변경
2024-06-17,차량등록변경 및 결제등록 카드
2024-06-17,차량번호 수정
2024-06-17,차량번호 수정
2024-06-17,차량등록변경 요청
2024-06-17,차량등록 변경
2024-06-17,차량번호 등록 및 카드 정지 해제 요청
2024-06-17,차량번호 등록 및 카드 정지 해제 요청
2024-06-17,차량번호변경건
2024-06-17,차량번호 수정등록
2024-06-17,신차 구입 차량 번호 변경 등록
2024-06-16,충전카드를 분실했는데 재발급?
2024-06-16,신차 구입 후 차량번호 교체 요청
2024-06-16,차 새로 구매하여 차량번호 바꼈어요 변경 부탁드려요
2024-06-16,"차량정보 변경해주세요,"
2024-06-16,카드 발급관련
2024-06-16,중고 발급 문의
2024-06-15,회원카드 발급(중고차 구입)
2024-06-15,차량번호 수정 요청
2024-06-15,차량 번호 변경 요청드립니다.
2024-06-15,카드분실 재발급 신청합니다.
2024-06-15,회원카드 분실 재발급요청
2024-06-15,차량번호 변경 부탁드립니다.
2024-06-15,회원카드 차량번호 등록 요청
2024-06-15,발급카드 차량번호 변경
2024-06-15,결제카드 등록 및 차량번호 수정 부탁드려요
2024-06-14,차량번호 수정요청
2024-06-14,차량번호 적용 요청
2024-06-14,차량번호 등록 및 카드 정지 해제 요청
2024-06-14,차량번호 수정요청합니다.
2024-06-14,카드는 발급 받았는데 등록이 안됩니다.
2024-06-14,차량번호수정 요청
2024-06-14,회원카드로 충전시
2024-06-14,카드발급
2024-06-14,카드등록 차량번호 변경요청
2024-06-14,카드분실 재발급 신청
2024-06-14,차량번호 변경요청
2024-06-14,차량번호 변경요청
2024-06-14,차량번호수정 어떻게 하나요
2024-06-14,전기차 충전 결재건요~~~
2024-06-14,카드 등록요청
2024-06-14,24시간 충전소 충전 방해
2024-06-14,카드 임시발급 받았는데 수정 가능한지요
2024-06-13,회원카드승인
2024-06-13,분실후 재발급 요청했는데 차량 번호 수정부탁드립니다.
2024-06-13,차량 번호 변경 요청합니다
2024-06-13,차량번호 변경 요청드려요
2024-06-13,카드 등록 요청
2024-06-13,충전 요금 결제 처리 관련 문의의 건
2024-06-13,회원카드등록 신청합니다.
2024-06-13,충전카드 신청시 수령인 및 전화번호 기재 할 수 있도록 해주세요
2024-06-13,차량번호 등록 문의의 건
2024-06-13,충전요금 결제 영수증에 회원명을 변경할 수 있는 방법이 있나요?
2024-06-13,결제카드 등록이 안됩니다.
2024-06-13,중고차량 구입 후 임시번호로 카드 발급 불가
2024-06-13,급속 충전기 환경부 관리 기계 신고 메뉴 누락
2024-06-13,차량번호 변경요청 드립니다
2024-06-13,[답변요망] 수소차 충전소 운영 현황 요청
2024-06-13,회원카드 차량번호 변경문의
2024-06-13,전기차 보조금 관련 문의 있습니다.
2024-06-13,차량번호 등록 부탁드립니다.
2024-06-12,멤버십 카드 차량 등록 및 결제 카드 등록 메뉴에 카드 조회되지 않습니다.
2024-06-12,차량번호 등록하려고 합니다.
2024-06-12,회원카드 차량변경 요청드립니다
2024-06-12,회원카드 발급 받았는데 결제카드 등록이 안뜹니다.
2024-06-12,카드 등록 요청
2024-06-12,회원카드 차량 변경요청드립니다.
2024-06-12,정산 담당자 변경에 따른 회원정보 수정 문의
2024-06-12,차량번호 변경요청 드립니다.
2024-06-12,실물카드 등록 요청
2024-06-12,회원카드 차량번호 변경 요청 드립니다.
2024-06-12,로밍사업자 회원 충전요금 최신화 요청합니다.
2024-06-12,회원카드 분실하였습니다.
2024-06-12,회원카드 차량 변경요청드립니다.
2024-06-12,카드재발급 요청합니다
2024-06-12,차량번호 정정요청
2024-06-12,사용자 정보 수정 관련하여 문의드립니다
2024-06-12,회원카드 차량번호 변경 요청 건
2024-06-12,충전 사업자 코드 발급 신청 문의
2024-06-12,차량번호 변경 요청
2024-06-11,차량번호 변경 요청 드립니다.
2024-06-11,충전카드 분실
2024-06-11,차량번호 변경 요청
2024-06-11,차량 번호 수정 요청합니다
2024-06-11,모바일이음 실물카드 등록시 정지카드
2024-06-11,전기차 충전시 등록된 회원이 아니라고 합니다. 갑자기
2024-06-11,차량번호 변경 요청 합니다.
2024-06-11,"차량번호 변경, 결제카드 등록 요청드립니다."
2024-06-11,중고구입차량 카드등록안됨
2024-06-11,중고차 구입 후 차량번호 중복으로 카드 신청 불가 문제
2024-06-11,차량번호 변경요청 드립니다.
2024-06-11,회원카드 재발급요청
2024-06-11,차량번호 수정건의
2024-06-11,회원카드 신청자와 전기차 명의자가 상이할경우 신청카드사용 가능 유무
2024-06-10,차랑번호 수정 건의
2024-06-10,차량번호 변경 수정 요청드립니다.
2024-06-10,차량번호 변경 부탁드립니다.
2024-06-10,"차량을 중고로 매입하였는데, 회원카드 발급은?"
2024-06-10,[문의] 환경카드 사용의 건
2024-06-10,차량번호 변경 요청합니다.
2024-06-10,차량이 2대인경우 카드발급문의
2024-06-10,차량번호 변경요청 드립니다.
2024-06-10,차량번호 변경 부탁합니다.
2024-06-10,차량번호 변경 요청
2024-06-10,내차무공해 확인이 안됩니다
2024-06-10,차량번호 변경 부탁드립니다.
2024-06-10,정지된 카드
2024-06-10,차량번호변경 요청합니다
2024-06-10,차량번호 변경 요청
2024-06-10,차량번호 변경 요청드립니다.
2024-06-10,충전카드 분실하였습니다.
2024-06-09,충전카드를 분실했습니다.
2024-06-09,카드분실 재발급요청
2024-06-09,카드분실
2024-06-09,차량번호 변경요청 및 카드정지 해제
2024-06-08,차량번호 등록 요청
2024-06-08,"회원카드 발급완료 및 결제등록, 차량번호 변경"
2024-06-08,차량 번호 등록 변경 요청합니다.
2024-06-08,카드재발급
2024-06-08,카드 분실로인한 재발급 요청
2024-06-08,카드 재발급 요청입니다
2024-06-08,중고차 구매했는데 이미 등록된 차량 번호로 카드발급이 불가합니다.
2024-06-08,충전중복결제?
2024-06-08,전기차를 중고차 구입하였는데 이미 등록된 차량이라 등록불가입니다.
2024-06-08,차량 등록 변경 요청드립니다.
2024-06-07,차량번호 변경 부탁드립니다.
2024-06-07,중고차 구입으로 이미등록된번호라고 나와서 카드 발급을 못해요
2024-06-07,카드분실 재발급
2024-06-07,카드 분실 재발급
2024-06-07,전기이륜차 충전문의
2024-06-07,회원카드 분실로 인하여 회원 카드재발급 문의
2024-06-07,신규발급 받았는대 결제카드 등록이 안돼요
2024-06-07,회원카드 정보 수정 ...
2024-06-07,결제카드
2024-06-07,회원카드 차량번호 수정 요청
2024-06-07,차량번호등록
2024-06-07,회원 카드 차량 번호 수정
2024-06-07,중고차 구입 후 회원카드 발급 방법
2024-06-07,중고차 매입 후 신규 카드 발급시 방법 (차량 등록 불가)
2024-06-07,차량번호 등록
2024-06-06,차량번호 등록
2024-06-06,차량넘버 수정
2024-06-06,임시차량번호 변경요청
2024-06-06,회원카드 차량번호 등록 요청 드립니다.
2024-06-06,중고로 구입한 전기차량을 구입했는데 카드를 발급받고 싶어요
2024-06-06,카드 재발급 요청
2024-06-06,환경부 회원카드 차량번호 수정 부탁드립니다.
2024-06-06,[중고차구매] 이미 등록된 차량이라고 뜹니다
2024-06-05,차량번호 변경 관련
2024-06-05,회원카드 수령해서 결제카드 등록
2024-06-05,[중고차구매] 이미 등록된 차량이라고 뜹니다
2024-06-05,회원카드 신청
2024-06-05,충전요금 결제 영수증 일괄(선택) 출력 요청
2024-06-05,차량번호 변경방번
2024-06-05,카드분실 재발급 요청하려고 합니다.
2024-06-05,회원카드 내 차량 번호 변경 요청
2024-06-05,회원카드 차량등록 번호 수정
2024-06-05,카드 등록 차량번호 교체 부탁드립니다
2024-06-05,카등 등록 차량 번호 변경 요청
2024-06-05,회원카드 질문
2024-06-05,카드 배송 시기
2024-06-05,카드 분실로 카드 재발급 신청하였는데.. 관리에 결재 카드 등록란에 기존 회원 카드번호로 보입니다.
2024-06-05,차량번호를 바꾸고 싶습니다
2024-06-05,중고차 구입 이미 발급된 카드
2024-06-05,중고전기차 구매했는데 이미발급된 차량이라고
2024-06-05,차량번호 바꾸는방법
2024-06-04,차량번호변경
2024-06-04,중고 전기차를 구매했는데.. 이미 발급된 차라고 나와요
2024-06-04,차량번호 변경
2024-06-04,임시차량번호 변경 부탁드립니다.
2024-06-04,회원카드차량번호 수정 바랍니다.
2024-06-04,차량 번호 변경 요청드립니다.
2024-06-04,차량번호 변경요청
2024-06-04,임시등록 차량 번호 수정 요청
2024-06-04,임시 차량번호 수정 부탁드립니다
2024-06-04,결제카드 등록관련 문의건
2024-06-04,카드신청
2024-06-04,회원카드 정보 수정
2024-06-04,멤버십 카드 등록하려는데 정지카드라고 나옵니다
2024-06-04,회원카드 차량번호 변경 신청합니다
2024-06-04,회원카드 분실로 인한 재발급 요청
2024-06-04,회원카드 차량번호 변경 신청합니다
2024-06-04,차량번호 변경요청
2024-06-04,충전이용내역 조회 관련
2024-06-04,이미등록된차량
2024-06-04,차량 번호 등록 부탁드립니다.
2024-06-03,해피차저 충전기 유지보수 관리 미흡 건
2024-06-03,멤버십카드 비밀번호
2024-06-03,회원카드 차량번호 변경 부탁드립니다.~
2024-06-03,차량번호 수정 요청 드립니다
2024-06-03,차량번호 수정 부탁 드립니다.
2024-06-03,카드분실
2024-06-03,차량번호 등록
2024-06-03,중고차 구매 후 차량번호 중복으로 카드 신청 안됨 문의
2024-06-03,결제카드등록
2024-06-03,차량번호 수정 부탁드립니다.
2024-06-03,중고차 구입했는데 차량번호가 중복이라고 나옵니다.
2024-06-03,중고차 구매 후 차량번호 중복으로 카드 신청 안됨
2024-06-03,회원카드 차량번호 수정
2024-06-03,차량번호 변경 및 결재등록
2024-06-02,중고차 구매후 카드신청 차량번호 중복
2024-06-02,실물카드 등록시 정지라고 나오네요
2024-06-02,회원카드 차량 번호 오입력 입니다.
2024-06-02,차량번호 중복 관련
2024-06-02,차량번호 중복 및 결제카드 등록
2024-06-02,전기차 충전카드 분실로 재발급 문의
2024-06-01,결제카드 등록
2024-06-01,카드재발급요청
2024-06-01,차량번호 등록 요청
2024-06-01,환경부 카드 분실해 재발급 요청합니다.
2024-06-01,차량번호 중복 관련 요청
2024-06-01,결제카드등록
2024-06-01,결제카드등록
2024-06-01,차량번호 제거 요청
2024-05-31,차량번호 변경 요청
2024-05-31,차량번호 수정요청
2024-05-31,차량번호 변경 부탁드립니다
2024-05-31,회원카드 정보변경 (차량번호) 요청
2024-05-31,앱 사용경험 개선 필요
2024-05-31,차량번호 수정 부탁드립니다.
2024-05-31,임차차 계약기간 만료 후 차량번호 해제
2024-05-31,회원카드 차량 번호 수정
2024-05-31,"회원확인에 실패하였습니다, 문구 출력"
2024-05-31,이용요금조회건
2024-05-31,회원카드 오류에 따른 재발급 신청의 건
2024-05-31,카드 분실 재신청 요청
2024-05-31,회원카드 차량 번호 수정
2024-05-31,카드 분실 및 재발급 요청
2024-05-31,차량번호변경
2024-05-30,차량번호 변경 요청
2024-05-30,회원카드 등록
2024-05-30,"결재카드 동일 , 차량번호 및 차종변경 방법 문의 드립니다."
2024-05-30,"카드 분실, 재발급 요청"
2024-05-30,카드 분실
2024-05-30,분실 신고 철회 문의
2024-05-30,"카드 미배송,,"
2024-05-30,카드분실
2024-05-30,(로그인 비밀번호) 무공해자 통합누리집 패스워드
2024-05-30,분실 및 재발급 문의
2024-05-30,중고차 구입했는데 회원카드신청시 중복차량번호라 뜹니다 조치방안부탁합니다.
2024-05-30,분실로 인한 재발급 후 기존카드 삭제
2024-05-30,문의요
2024-05-30,분실로 인한 재발급 신청
2024-05-29,중고차 구매로 회원카드 신청하려는데
2024-05-29,임시차량번호를 바꾸려고 합니다.
2024-05-29,멤버십 카드 비밀번호가 있었나요?
2024-05-29,등록된 회원카드의 결제 정보를 바꾸고 싶습니다.
2024-05-29,카드 분실로 인하여 재발급 절차 문의드립니다.
2024-05-29,카드 발급 후 차량번호 등록
2024-05-29,차량 임시 번호 수정 요청드립니다.
2024-05-29,중고차 구매 중복된 차량번호
2024-05-29,중고차는 어떻게 하나요
2024-05-29,회원카드 임시번호 차량번호 등록
2024-05-29,회원카드 문의
2024-05-29,회원카드 발급시 임시번호를 차량번호로 바꾸는 방법
2024-05-29,중고차 구매 회원카드 신청
2024-05-29,운용사의 전기요금 체납으로 한전에서 단전처리
2024-05-29,한전 충전기 위치 오류 (환경부 무공해차 통합누리집의 지도상의 두 기기가 위치가 바꾸어 있음)
2024-05-29,회원충전카드를 분실했습니다. 재발급문의드립니다.
2024-05-29,차량번호 변경 요청
2024-05-29,등록정보 변경
2024-05-29,중고차 구매로 카드 신청 : 중복 불가
2024-05-28,차량번호 수정
2024-05-28,회원카드 차량번호를 수정하고싶습니다
2024-05-28,멤버쉽 카드 등록문의
2024-05-28,카드 재발급 요청드립니다.
2024-05-28,차량번호 수정 부탁드려요
2024-05-28,무공해차 통합누리집 비밀번호 변경은 어디서 하나요??
2024-05-28,차량번호 수정 부탁드립니다.
2024-05-28,차량 번호 변경 및 결제 문의드립니다.
2024-05-28,이용요금 조회
2024-05-28,차량번호 변경 등록신청
2024-05-28,카드 분실 및 재발급
2024-05-28,기존 발급은 실물카드 등록가능 여부
2024-05-28,회원카드 선발급에 따른 차량 등록 부탁드립니다.
2024-05-27,카드 발급을 받은후 결제카드 등록
2024-05-27,중고로 전기차 구매하고 카드 신청하려하는데 이미 등록된 차량번호
2024-05-27,중고 구매했습니다
2024-05-27,회원카드선발급하엿습니다. 차량번호변경요청합니다.
2024-05-27,비밀번호 변경 방법
2024-05-27,저공해 차량번호 등록 확인 관련 문제.
2024-05-27,분실 카드 재발급
2024-05-27,차량번호 변경 요청
2024-05-27,차량번호변경요청합니다
2024-05-26,차량번호등록
2024-05-25,비밀번호 변경은 어떻게 진행하나요?
2024-05-25,회원카드 수령 후 결제카드 등록 문의 드립니다.
2024-05-25,저무공해자동차 의무구매 임차 실적 계산 문의드립니다.
2024-05-24,차량번호 등록 변경
2024-05-24,차량번호등록요청합니다.
2024-05-24,기존 결제카드 변경으로 인한 결제취소
2024-05-24,차량번호 변경요청드립니다.
2024-05-24,차랑번호 변경 요청
2024-05-24,충전카드 차량번호 변경 요청드립니다
2024-05-24,차량번호변경요청합니다
2024-05-24,중고차 구입후 회원카드 신청이 안됨
2024-05-24,임시번호 후 차량번호 변경
2024-05-24,차량번호 변경요청
2024-05-24,차량번호 변경 요청
2024-05-23,환경부카드 재발급 방법
2024-05-23,임시번호 등록 후 변경 기능을 제공해주시면 안되나요? 차량번호 변경 요청
2024-05-23,차량번호 등록 요청
2024-05-23,차량번호 및 결재카드 등록이 안됩니다.
2024-05-23,렌트카 이용 종료에 따른 차량 등록번호 변경 문의 건
2024-05-23,차량번호 변경 요청
2024-05-23,차량번호 변경 요청
2024-05-23,차량번호 변경 요청
2024-05-23,차량번호 변경
2024-05-23,차량번호 변경 요청
2024-05-23,차량번호변경요청
2024-05-23,분실신고
2024-05-23,차량 번호 변경 요청
2024-05-23,카드 분실로 재발급 요청합니다
2024-05-22,"중고차 판매후, 차량 등록 해제 방법 문의"
2024-05-22,차량 번호 변경 및 결제 카드 등록
2024-05-22,결제카드 변경으로 인한 카드 재발급 신청
2024-05-22,임시번호로 회원카드를 발급받았습니다. 어떻게 차량 번호를 등록해야 하나요?
2024-05-22,회원카드 임시번호 변경 및 결제카드 등록 요청
2024-05-22,기존 회원 카드 분실 및 재발급 절차
2024-05-22,카드 신청시의 임시번호 변경 방법 및 결재카드 등록 방법 알려주세요.
2024-05-22,카드 분실 재발급 요청
2024-05-22,회원카드 해지 요청드립니다.
2024-05-22,회원카드 분실로 재발급 절차 알려줘요
2024-05-22,충전카드 차량번호변경요청합니다
2024-05-22,충전카드 분실
2024-05-22,회원 카드 발급 문의합니다.
2024-05-21,전소유자 회원기록이남아있어 회원카드발급신청이 안되요
2024-05-21,차량번호 변경요청합니다
2024-05-21,가평(춘천) 휴게소 충전소 위치정보 표시 오류
2024-05-21,중고차 구매로 인한 회원카드 발급 문의
2024-05-21,중고차량 구매로 인한 신규 발급 신청
2024-05-21,차량번호 변경
2024-05-21,해피차저 카드 재발급 신청시 중복된 차랑번호 진행안됨
2024-05-21,회원카드 차량번호 변경요청
2024-05-21,카드 분실 재발급요청
2024-05-21,"전기 중고차 구매했는데, 차량번호 중복으로 회원가입이 안됩니다."
2024-05-21,회원카드 분실 재발급 요청
2024-05-21,카드 분실 및 재발급신청
2024-05-20,차량 매도로 인한 차량번호 해지요청건
2024-05-20,입회원명 변경은 어떻게 진행하는 걸까요?
2024-05-20,충전카드수령 분실
2024-05-20,등록차량번호 변경요청
2024-05-20,"매매 후 '이미 등록된 차량번호입니다"""
2024-05-20,차량번호 등록 요청드립니다
2024-05-20,중복등록된 차량을 등록해제하고 다시 등록할 수 있나요?
2024-05-20,카드 분실
2024-05-19,회원 정보 변경 및 결제카드 번호 변경
2024-05-19,환경부 회원카드 분실
2024-05-19,차량 매도로 인한 등록된 차량 삭제 요청합니다.
2024-05-19,중고차 구매 카드등록
2024-05-19,"회원카드 배송받았고, 결제카드등록하려는데"
2024-05-19,기껏 돌고 돌아 전화로 해결해야 하나요?
2024-05-18,충전카드수령 분실
2024-05-18,멤버쉽카드와 제 계정과 차량이 제대로 연결이 되었는지 확인하고 싶습니다.
2024-05-18,차량번호 변경
2024-05-18,회원카드 분실 신고
2024-05-18,등록된 카드 해지는 어떻게 해요?
2024-05-18,업체별 최신 요금표를 받아볼 수 있을까요?
2024-05-18,카드분실
2024-05-18,중고차 구매로 번호 중복
2024-05-18,차량번호 등록 어디서 하나요? 결제카드 등록이 안됩니다
2024-05-18,확인요청
2024-05-17,중고차 구매 후 차량번호 중복으로 인한 회원카드 발급 실패
2024-05-17,전화번호 변경
2024-05-17,전화 번호 변경
2024-05-17,중고차량 구매 후 중복으로 인한 카드발급 제한
2024-05-17,실수로 차 넘버를 잘못 기입하여 카드발급
2024-05-17,회원카드 배송 일정 문의
2024-05-17,기존 등록된 회원카드를 다른 계정으로 이동이 가능한가요?
2024-05-17,중고차 구입후 회원카드 신청이 안됨
2024-05-17,SM3 ZE 중고 차량으로 구매 했습니다. 카드 신청 시 중복으로 등록이 되지 않습니다.
2024-05-17,회원카드 차량번호 변경 부탁드립니다.
2024-05-17,중고차 구매 후 카드 발급시 중복차량 문제
2024-05-17,차량번호 변경요청
2024-05-17,차량번호 변경 요청
2024-05-17,중고차 구매 후 카드 정보변경
2024-05-17,차량번호 변경 요청
2024-05-17,중고차 구매 후 카드 제작 문의
2024-05-17,중고차 구입 후 회원카드 신청관련
2024-05-16,중고차 구매 후 등록된 차량번호
2024-05-16,중고 전기차 구매 후 중복으로 인한 카드 신청불가
2024-05-16,환경부카드 분실신고를 스스로 할 수 있게 요청건
2024-05-16,환경부카드 분실로 인한 분실등록요청
2024-05-16,IOS 앱(모바일 EV이음) 멤버쉽카드 등록불가 오류
2024-05-16,중고차 구매 후 이미 등록된 차량번호 문제
2024-05-16,차량번호 변경
2024-05-16,회원카드 발급 문의 입니다.
2024-05-16,차량번호 변경
2024-05-16,회원카드를 분실하여 재발급을 원합니다
2024-05-16,회원카드 결제등록 문의
2024-05-16,앱 등록 관련
2024-05-16,차량번호 변경 및 간편결제 등록
2024-05-15,중고차 구매 후 차량번호 중복
2024-05-15,차량번호 중복
2024-05-15,회사차량 중복신청
2024-05-15,차량번호 변경 요청
2024-05-15,차량번호 변경
2024-05-15,차량 번호 중복
2024-05-14,차량번호 변경
2024-05-14,중고로 차량구매후 회원카드발급이 안되나요?
2024-05-14,카드해지 요청합니다
2024-05-14,중고차 구매 카드등록
2024-05-14,차량번호 변경
2024-05-14,회원카드 관리 삭제
2024-05-14,차량번호 변경
2024-05-14,차량번호 변경
2024-05-14,결제 및 영수증
2024-05-14,차량번호 변경
2024-05-14,차량번호 변경
2024-05-14,영수증 조회
2024-05-14,차량번호 변경요청
2024-05-13,카드가 파손되어 재발급하려고 합니다
2024-05-13,차량번호 변경 부탁드립니다.
2024-05-13,차량 번호 수정 부탁합니다.
2024-05-13,카드분실
2024-05-13,차량 번호 변경 요청
2024-05-13,이용요금 프린터 출력
2024-05-13,차량번호 변경 요청
2024-05-13,환경부 카드 변경 등록 건
2024-05-13,카드 신청하여 발급중인것 같은데 사용 차량 변경을 하고 싶습니다
2024-05-13,차량 변경 부탁드립니다.
2024-05-13,중고차 구매 후 카드신청 관련
2024-05-13,등록차량 변경 요청 드립니다.
2024-05-13,중고 전기차 구매 후 차랑번호 확인 요청
2024-05-13,환경부 카드분실로 인한 재발급 요청
2024-05-12,차량번호 변경요청
2024-05-12,어디로든 카드 할인은 적용되나요 ?
2024-05-12,차량번호 수정 부탁드립니다.
2024-05-12,차량번호 수정 요청드립니다.
2024-05-12,실물카드 받았는데 등록하려니 분실카드?
2024-05-12,차량번호 변경 요청
2024-05-11,실물카드가 도착해서 등록을했는데 분실로 표시가 되어서요..
2024-05-11,차량번호 변경
2024-05-11,차량번호 수정
2024-05-11,회원카드
2024-05-11,차랑번호 변경 요청
2024-05-11,차량번호 변경해 주세요
2024-05-11,회원카드를 분실했습니다...
2024-05-10,차량번호 변경 요청드립니다
2024-05-10,차량번호 수정 부탁드립니다.
2024-05-10,다른 차량 충전 이용 내역 결제
2024-05-10,차량번호 수정 요청 합니다.
2024-05-10,회원카드 결제 불가
2024-05-10,차량번호 수정 부탁드립니다
2024-05-10,티머니 제휴가 안 되나요?
2024-05-10,공공기관으로 가입이 불가능한가요?
2024-05-10,차량번호 수정요청합니다.
2024-05-10,회원카드를 아직 수령하지 못했습니다.
2024-05-10,차량번호 수정요청
2024-05-10,결제 실패 사유 문의
2024-05-10,차량번호 수정요청합니다.
2024-05-10,오케이캐쉬백 포인트로 결제는 어떻게해야하나요?
2024-05-10,차량번호 수정 요청
2024-05-09,결제카드등록
2024-05-09,차량번호 변경 요청
2024-05-09,중고차 구매후 카드신청 질문
2024-05-09,차량 번호 변경 요청
2024-05-09,중고차 구매후 카드 재발급
2024-05-09,회원카드 발급후 EV이음 앱에 카드 등록시
2024-05-09,차량번호수정
2024-05-09,차량번호수정
2024-05-09,회원카드 분실 재발급 요청
2024-05-09,중고차량 구매 후 회원카드 등록
2024-05-09,중고차 등록 시 차량 중복
2024-05-09,전기차 충전 내역이 남아있지 않아 문의드립니다.
2024-05-09,회원카드 분실 재발급
2024-05-09,차량번호 변경 요청
2024-05-09,차량번호 변경 요청
2024-05-09,차량번호 변경 요청
2024-05-09,차량번호 입니다
2024-05-09,회원카드를 받았습니다.
2024-05-09,카드가 안되서 재발급신청하려는데 안됩니다. 중복이라고
2024-05-08,차랑번호 변경 부탁드립니다.
2024-05-08,차량번호 변경 요청 및 멤버십카드 관련입니다.
2024-05-08,차량번호 변경 문의부탁드립니다
2024-05-08,중고차 구매 후 차량번호 중복으로 인한 카드신청 불가 건
2024-05-08,차량번호 변경 및 카드등록
2024-05-08,회원카드 차량번호 변경 문의드립니다.
2024-05-08,중고 phev 차량 구매인데 차량등록 중복으로 카드발급을 할 수 없습니다.
2024-05-08,중고전기차구입후 멤버십카드재발급
2024-05-08,회원카드 신규(중고)
2024-05-08,차량번호 변경 부탁드립니다.
2024-05-08,차량번호변경 및 결제카드 등록
2024-05-08,LPG 차량을 무공해(저공해) 차량으로 등록 요청합니다.
2024-05-08,중고차 구입후 차번호 중복으로 등록불가
2024-05-08,중고차구매후 중복
2024-05-08,차량번호 변경 부탁드립니다
2024-05-07,카드분실로 재발급하려고 하는데..차량번호 중복이라고 카드신청이 안되네요
2024-05-07,카드비밀번호를 몰라요
2024-05-07,차량번호 변경부탁드립니다!!
2024-05-07,중고차 구매 후 중복
2024-05-07,차량번호 변경 요청 건
2024-05-07,차량번호 수정 요청
2024-05-07,차량번호 변경부탁드립니다.
2024-05-07,카드 재발급
2024-05-07,차량번호 등록 해제 및 카드 재발급
2024-05-07,회원카드재발급
2024-05-07,차량번호 변경 문의드립니다.
2024-05-07,차량번호 재 등록 요청
2024-05-07,발급된 회원카드 조회 불가
2024-05-07,차량 번호 변경 부탁드립니다
2024-05-07,회원카드 결재카드 등록
2024-05-06,회원카드 미수령 관련 문의
2024-05-06,재발급
2024-05-06,결재카드등록이 안되요
2024-05-06,중고차 구매후 차량번호 변경 건
2024-05-06,중고차 구매 후 차량번호 중복
2024-05-06,차량번호변경좀 부탁드립니다.
2024-05-06,회원카드 분실로 분실 처리 부탁 드립니다.
2024-05-05,중고차 구매시
2024-05-05,중고차구매로 차량중복 문제 해결 요청
2024-05-05,환경부 충전카드 분실 / 재발급
2024-05-05,신차 구입 - 차량번호 변경요청
2024-05-05,결제비밀번호
2024-05-05,중고차 구입 후 신규 등록 시 차량번호 중복
2024-05-04,중고차 구매 후 신규 등록시 차량번호 중복
2024-05-04,차량번호 변경 문의드립니다.
2024-05-04,중고차 구입 후 차량번호 중복
2024-05-04,회원카드 분실로 인한 재발급
2024-05-04,회원카드인증이 안됨
2024-05-04,중고 전기차 구매 후 충전카드 발급
2024-05-04,차량 번호 등록
2024-05-04,중고차구입..
2024-05-04,차량번호 등록 요청
2024-05-04,충전카드 분실시
2024-05-03,차량번호 변경
2024-05-03,중고차 구매후 카드 신청
2024-05-03,법인용 회원카드
2024-05-03,회원카드 반송으로 인한 미배송 문의
2024-05-03,충전카드 등록 차량 변경요청
2024-05-03,회원카드 연동 차량번호 변경
2024-05-03,중고차 구입후 차량등록
2024-05-03,법인사업자 회원카드 등록 관련
2024-05-03,카드 재발급에 따른 이전 카드 이용 내역 조회 이용 불가 관련
2024-05-03,차량번호 변경
2024-05-03,법인 회원명 변경
2024-05-03,차량번호 변경요청
2024-05-02,차량번호변경건
2024-05-02,차량 번호 변경
2024-05-02,차량번호 변경 건
2024-05-02,중고 전기차 구매 후 카드 발급
2024-05-02,결제카드 문의 드립니다.
2024-05-02,차량 번호 변경
2024-05-02,차량번호 및 카드 등록
2024-05-02,분실신고 합니다.
2024-05-02,차량번호 변경 및 결재카드 등록 문의
2024-05-02,차량번호변경 및 카드등록
2024-05-02,차량번호변경 및 결재카드등록
2024-05-02,회원카드 분실로 인한 재발급 신청
2024-05-02,차량번호 변경 요청
2024-05-02,회원카드 분실로 인한 재발급 신청
2024-05-02,회원카드 차량번호 변경방법
2024-05-02,차량번호 변경 요청 건
2024-05-02,충전카드 차량번호 변경
2024-05-02,분실신고된 회원카드를 찾았습니다. 재사용문의
2024-05-02,안녕하세요
2024-05-02,카드 대리수령
2024-05-01,환경부 카드재발급은 어찌하나요?
2024-05-01,중고 전기차 구매 후 등록
2024-05-01,등록된 결제 카드와 실제 결제된 신용카드가 다릅니다
2024-05-01,환경부카드 차번호 변경 부탁드려요
2024-05-01,환경부 카드 차량번호 변경
2024-05-01,저공해차 / 내차 무공해 확인 조회 안됨
2024-05-01,회원카드 발급후 결제카드 등록시 조회안됨
2024-05-01,회원카드 분실로 인한 재발급 요청
2024-05-01,중고차 구매후 차량번호등록
2024-04-30,차량 번호 교체 요청 드립니다.
2024-04-30,회원카드 재발급 요청드립니다.
2024-04-30,이미 충전된 카드
2024-04-30,카드 재발급 요청 합니다.
2024-04-30,회원/로밍 결제 방법
2024-04-30,회원카드 모바일 또는 웹에 등록하는법
2024-04-30,차량번호 수정
2024-04-30,회원카드 차량번호 수정
2024-04-30,환경부카드 재발급 요청 드립니다.
2024-04-30,환경부 카드 분실
2024-04-30,중고차 구매후 차량번호 중복
2024-04-29,중고 전기차 구매 이미등록된 차량번호 카드신청 불가
2024-04-29,카드 번호 오류 관련
2024-04-29,환경부 카드 차량번호 변경 요청드립니다.
2024-04-29,결제카드 등록의건
2024-04-29,회원카드결제 오류
2024-04-29,서울숲르씨엘 충전소 위치 변경요청
2024-04-29,결제카드비밀번호 횟수오류라는데 어떻게해야하나요?
2024-04-29,차량번호 등록 변경 요청 합니다.
2024-04-29,중고차 구매후 충전카드 신청
2024-04-29,회원카드 삭제 및 번호변경
2024-04-29,환경부 카드 차량번호 변경
2024-04-29,요금조회 및 영수증 출력 관련
2024-04-29,회원카드분실
2024-04-29,회원카드 등기 수령을 못했습니다.
2024-04-29,회원카드 분실
2024-04-28,아파트 완속충전기 이용가능 범위
2024-04-28,중고차 구입후 차량 등록이 안됩니다.
2024-04-28,환경부 카드 차량번호 변경
2024-04-28,카드발급
2024-04-27,차량번호 등록 및 카드 상태 확인 요청
2024-04-27,차량번호 변경으로 인한 차대번호 연동 요청
2024-04-27,회원카드 차량번호 등록 요청
2024-04-27,회원카드 사용불가 확인 요청
2024-04-27,차량번호 변경 요청건입니다
2024-04-27,충전카드 차량번호 등록
2024-04-27,중고차 구입후 회원카드신청이 안됩니다.
2024-04-27,차량 번호 변경 요청
2024-04-27,회원카드 조회가 안됨
2024-04-26,회원카드
2024-04-26,회원카드 등록 차량번호 변경 요청
2024-04-26,환경부 카드 분실
2024-04-26,충전카드 분실 관련
2024-04-26,회원카드 관련
2024-04-26,카드재발급후 콜센터 카드회원 미확인 및 결제불가
2024-04-26,아산 문화공원2주차장
2024-04-26,회원카드 등록 차량번호 변경 요청
2024-04-26,회원카드등록 차량번호 변경 요청
2024-04-26,회원카드 등록 차량번호 변경 요청
2024-04-26,환경부 카드 등록된 차량 번호 변경요청
2024-04-26,중고차구매 차량번호 중복으로인한 카드발급 안됩니다.
2024-04-25,충전 영수증 발급
2024-04-25,환경부카드로 결제해도 사이트에서 조회가 안됩니다.
2024-04-25,차량번호 변경 및 결제카드 등록
2024-04-25,차량번호 변경요청
2024-04-25,차량번호 변경
2024-04-25,차량번호 변경
2024-04-25,환경부카드 분실로 재발급 문의
2024-04-25,차량번호 번경
2024-04-25,환경부 충전카드를 분실해서 재발급 받고 싶습니다.
2024-04-25,환경부 카드가 오지 않아 재발급 신청하려고 하는데 차량번호가 중복이라 신청이 되지 않습니다.
2024-04-25,중고차 구매로 차량번호 중복으로 카드 신청이 안됩니다
2024-04-24,카드신청 관련
2024-04-24,차량번호 변경
2024-04-24,전기차 회원카드 발급 비용이 있는지 문의드립니다
2024-04-24,회원카드 차량 번호 변경 요청
2024-04-24,회원카드 분실로 인한 재발급 요청
2024-04-24,sns 간편로그인 해제
2024-04-24,저공해구매차량 제외승인신청
2024-04-24,차량번호 변경 요청
2024-04-24,등록된 차량 번호 변경 요청
2024-04-24,가까운 충전소 찾기 관련 문의
2024-04-24,회원카드 등록에 등록 된 차량 번호 수정 및 결재 카드 등록관련
2024-04-24,중고차 구매 후 회원카드
2024-04-23,중고차 구입으로 충전카드 발급 불가 관련
2024-04-23,차량번호변경 요청
2024-04-23,중고차 구매 후 카드 신규등록
2024-04-23,회원카드 등록 답변내용으로 작성합니다
2024-04-23,회원카드 차량번호 변경 요청
2024-04-23,차량번호 변경 요청
2024-04-22,중고차 구매
2024-04-22,중고차 구매 차량번호 중복
2024-04-22,회원카드 발급후 결제카드 등록할려는데 카드가 안뜹니다
2024-04-22,개인정보관리 이름을 변경하고 싶은데 어떻게 해야할까요?
2024-04-22,회원정보 이름 변경 문의
2024-04-22,중고차 구매 차량번호 중복
2024-04-22,결제 후 승인처리 소요기간
2024-04-22,결제한 내역은 있는데 홈페이지에 충전 내역이 안뜹니다.
2024-04-22,표지발급시 2차 본인인증 없애주세요
2024-04-21,모바일멤버십카드
2024-04-21,공동명의 차량의 경우 카드 등록은 누구 앞으로?
2024-04-20,차량중복으로 결재카드 등록이 안되요
2024-04-20,중고차 구매후 중복번호로 인한 카드발급불가
2024-04-20,중고차 구매후 번호중복
2024-04-20,차량번호변경
2024-04-19,차량번호입력
2024-04-19,중고 전기차 구입으로인한 중복문제
2024-04-19,충전 카드 미수령
2024-04-19,충전 및 결재내역 확인
2024-04-19,차량신청후 회원신청가능 여부
2024-04-19,차량번호 수정 문의
2024-04-19,아이폰 회원카드 등록 및 결제카드 등록
2024-04-19,충전금액 조회 불가
2024-04-19,충전 영수증이 필요합니다
2024-04-19,차량 번호 수정이요
2024-04-18,결재카드 등록이 안되요
2024-04-18,차량 번호 변경 요청드립니다.
2024-04-18,개인정보 관련
2024-04-18,카드정보수정 및 결제카드 등록이 안됩니다
2024-04-18,카드 분실로 인하여 재발급 문의
2024-04-18,전기차 매도 후 환경부 카드 해지 방법
2024-04-18,결제한 내역은 있는데 홈페이지에 충전 내역이 안뜹니다.
2024-04-18,사업자 번호 상이
2024-04-18,회원카드 재사용
2024-04-18,차량 및 결제카드 변경 등록 신청
2024-04-18,공공기관/관공서 명의로 가입이 가능할까요?
2024-04-18,결제카드등록
2024-04-18,충전카드 결제카드 등록 및 차량번호 변경
2024-04-17,오늘 카드 받아서 앱에 등록 했는데 분실신고된 카드라고 나옵니다
2024-04-17,차량번호 변경
2024-04-17,미납된 결제이력이 나옵니다.
2024-04-17,차량번호 변경 요청
2024-04-17,차량번호 변경요청
2024-04-16,타사 카드 로밍방법
2024-04-16,회원카드 등록바랍니다.
2024-04-16,차량 번호 등록 부탁드립니다
2024-04-16,요금 결제
2024-04-16,차량 결재 등록 관련
2024-04-16,중고차 구매후 차량 번호를 변경했습니다.
2024-04-16,"회원카드를 수령했는데, 결재 카드 등록을 할 수 없네요.."
2024-04-15,카드 수령지 변경
2024-04-15,결재오류
2024-04-15,비밀번호 변경
2024-04-15,공공급속충전시설 평균조치기간 문의
2024-04-15,차량번호 변경 후 영수증 문의
2024-04-15,저공해차량 증명서 발급
2024-04-14,카드 해지 요청
2024-04-14,회원카드 차량번호 수정 요청
2024-04-14,차량번호 수정요청
2024-04-13,맴버십 카드 차량번호 변경
2024-04-13,차량번호변경요청 및 카드분실관련 문의
2024-04-13,결제카드등록 차량번호 변경
2024-04-12,차량번호 변경 요청
2024-04-12,등록차량번호 변경 요청
2024-04-12,카드 정보 변경
2024-04-12,실물카드 발급완료
2024-04-12,영수증에 나와있는 차량번호 변경 가능 여부
2024-04-12,차량등록번호 변경요청
2024-04-12,차량 번호 변경 요청 드립니다
2024-04-12,차량번호 변경 요청
2024-04-11,회원카드 차량번호 변경 요청합니다.
2024-04-11,1)차량번호 변경 2)분실카드 삭제 부탁드립니다.
2024-04-11,회원카드 차량번호 변경 요청합니다.
2024-04-11,회원카드 해지 절차방법
2024-04-11,차량 번호 변경 부탁드립니다
2024-04-11,법인차량 등록
2024-04-10,비밀번호 오류횟수초과
2024-04-10,차량번호 변경 요청의 건
2024-04-10,차량번호변경및 결제카드 신청
2024-04-10,회원카드 차량번호 수정 요청합니다.
2024-04-10,차량번호 변경 및 카드 등록 요청 드립니다.
2024-04-10,차량번호 변경 및 결제카드 신청합니다.
2024-04-09,차량번호 변경 및 결제카드등록 신청합니다
2024-04-09,타기관 이용요금 조회 시 충전소명 표기
2024-04-09,충전이력 확인 불가
2024-04-09,개인사업자 카드 등록실패
2024-04-09,카드분실
2024-04-09,차량등록번호 변경 신청합니다.
2024-04-08,차량번호 등록 요청
2024-04-08,전기차 변경하였는데요
2024-04-08,충전한 내역이 보이지 않습니다
2024-04-08,회원카드 결재가 안됨
2024-04-08,결제 관련 문의
2024-04-08,충전내역 확인
2024-04-08,수소차 충전요금 전북 요금이 검색되지 않음
2024-04-08,기존 전기차 매도 후 다른 전기차 구입했는데요. 회원카드 다시 발급받아야 하는지요?
2024-04-08,회원 카드 차량번호 변경 요청
2024-04-08,카드결제 된 거 매출전표는 없나요?
2024-04-08,차량번호 변경은 어떻게 하나요?
2024-04-08,가까운 충전소 찾기 기능개선요청(주차요금 별도 발생 표기 요청)
2024-04-07,환경부카드 받았는데 결재카드 등록화면에 아무것도 안뜹니다.
2024-04-07,차량 번호 등록 및 카드 등록 관련
2024-04-07,차량번호 변경하고자 합니다
2024-04-07,회원카드 차량번호 수정 요청합니다.
2024-04-07,카드분실
2024-04-06,카드의 차량번호 변경이 필요합니다.
2024-04-06,전기차 매도 후 멤버십 카드 해지
2024-04-06,회원카드조회 안됨.
2024-04-06,카드 신청 발급완료라고 뜨지만 아직 배송이 안왔습니다.
2024-04-05,발급 받은 카드의 차량 번호 등록 부탁드립니다
2024-04-05,결제카드 등록 불가
2024-04-05,차량번호 수정
2024-04-05,비밀번호 설정 문의
2024-04-05,차량번호 수정요청
2024-04-05,"차량번호 수정이 필요하며, 결재카드 등록이 안되요"
2024-04-05,후불결제 설정 문의
2024-04-04,결제카드 등록 후 미등록 카드로 인식
2024-04-04,차량번호수정요청
2024-04-04,환경부 충전기 사용 시 원단위 절사 관련 문의 합니다.
2024-04-04,차량번호 변경 요청 드립니다.
2024-04-04,타기관 이용요금 조회 후 출력이 안됩니다.
2024-04-04,등록 차량번호 문의 드립니다.
2024-04-04,카드등록 및 원단위 결제 문의
2024-04-04,결재카드 등록이 안되요
2024-04-04,법인카드 등록시 카드메모란 문의
2024-04-04,차량번호 수정부탁드립니다.
2024-04-03,차량번호 수정부탁드립니다.
2024-04-03,차량번호 수정부탁드립니다.
2024-04-03,회원카드 해지 요청 드립니다.
2024-04-03,결재카드등록이 안됩니다
2024-04-03,원단위 결제
2024-04-03,결재카드등록이 안됩니다
2024-04-03,회원카드 해지 문의합니다
2024-04-03,이용요금 조회 오류
2024-04-03,환경부 충전기 외 충전문의사항
2024-04-03,원단위 결제
2024-04-03,차량번호 변경요청
2024-04-02,차량번호 변경 요청드립니다.
2024-04-02,회원카드문의
2024-04-02,회원카드 등록이 되지 않습니다
2024-04-02,차량번호 입력을하고 싶습니다
2024-04-02,이용요금 결제방법 문의
2024-04-02,차량번호 수정어떻게 하나요?
2024-04-02,차량번호 변경 어떻게 하나요?
2024-04-02,관용차량 담당자를 변경하고자 합니다.
2024-04-02,차량충전
2024-04-01,차량 번호 수정을 어디가서 해야하나요?
2024-04-01,결제카드 등록 불가
2024-04-01,(법인사업자) 담당자 이름 변경
2024-04-01,무공해차업무지원시스템 로그인 시 본인인증 생략 요청
2024-04-01,차량번호
2024-04-01,결제카드 등록이 안됩니다.
2024-04-01,최근 고속도로충전기나 몇몇 일부충전기에서 충전실패나 오류로 충전이 안됩니다
2024-04-01,회원카드 재배송 부탁합니다
2024-03-31,사용자인증실패(503)
2024-03-31,법인 명의 담당자 이름 변경 요청
2024-03-30,환경부카드 차량번호 변경 요청드립니다
2024-03-29,충전 요금 문의
2024-03-29,법인차량 (이용자 변경에 따른 변경 요청의 건)
2024-03-29,문의드립니다
2024-03-29,이용요금 조회가 되지 않습니다. 확인 부탁드립니다.
2024-03-29,차량번호 변경 부탁드립니다
2024-03-29,차량번호 변경요청
2024-03-29,차량번호 변경 부탁드립니다
2024-03-29,환경부 카드로 모든 브랜드의 전기차 충전기를 사용할 수 있나요?
2024-03-29,결제카드등록에서 발급받은 카드가 조회되지 않습니다
2024-03-28,차량번호 변경 부탁드립니다
2024-03-28,차량번호 수정
2024-03-28,차량번호 변경 부탁드립니다.
2024-03-28,차량번호 등록
2024-03-28,표지발급
2024-03-28,차량번호 변경 요청드립니다.
2024-03-28,환경부 발급카드 후불제 도입 건의
2024-03-28,무공해차업무지원시스템
2024-03-28,충전카드 차량번호 변경요청
2024-03-28,등록 차량 번호 변경 요청
2024-03-28,무공해차 표지발급 본인인증
2024-03-28,100%충전은 어떻게 하나요?
2024-03-28,환경부 카드 등록 카드 문의의 건.
2024-03-27,차량번호변경요청
2024-03-27,카드번호가 달라요
2024-03-27,충전카드 차량번호 변경 요청
2024-03-27,카드 해지 방법 문의
2024-03-27,차량 번호 수정 요청
2024-03-27,충전카드 관련
2024-03-27,결제금액 문의
2024-03-27,차량번호 등록(변경) 부탁드립니다.
2024-03-26,문의합니다
2024-03-26,"차량번호수정, 결재카드등록 관련"
2024-03-26,전기차충전소 로밍사업자 충전요금 갱신주기 및 API
2024-03-26,전기차 평균 연비 문의
2024-03-26,회원카드 차량 번호 변경 요청
2024-03-26,법인회원카드발급문의
2024-03-26,등록 차량번호 변경 및 결재카드 등록
2024-03-26,충전했는데 내역이 뜨지 않고 연결카드로 청구되지 않습니다.
2024-03-26,해지 요청 드립니다.
2024-03-26,차량번호 변경 요청
2024-03-26,차량번호변경
2024-03-26,차량번호 변경 요청드립니다.
2024-03-26,회원카드 해지 방법 문의드립니다.
2024-03-25,차량번호 변경 요청
2024-03-25,차량번호 변경 요청합니다.
2024-03-25,저공해자동차 조회
2024-03-25,카드 등기로받았는데
2024-03-25,환경부 카드 차량번호 변경 부탁드립니다.
2024-03-25,본인 인증 관련
2024-03-25,차량 2대 완충과 급속 각각 다른
2024-03-25,차량 번호 변경 부탁드려요
2024-03-25,회원카드 미수령 문의
2024-03-25,차량 번호 수정 요청
2024-03-25,환경부카드 자동차 번호 수정 요청
2024-03-25,차량 번호 변경 요청
2024-03-25,차량번호 변경요청
2024-03-24,회원카드 발급완료로 나오고 아직 안왔어요
2024-03-24,차량번호 등록문의
2024-03-24,"환경부 실물 카드를 수령하지 못했는데, 회원카드 관리에서 카드가 발급 완료되었다고 나오네요 ㅠㅠ"
2024-03-24,차량넘버변경
2024-03-23,충전카드 문의드립니다.
2024-03-23,저공해차량 회원카드 발급관련 문의
2024-03-23,결제카드 등록 카드안뜸
2024-03-23,차량번호 등록을 어떻게
2024-03-22,멤버십카드사용불가
2024-03-22,"회원카드 및 결제카드 등록, 차량번호 수정"
2024-03-22,차량번호 변경 요청
2024-03-22,회원카드 등록 및 차량번호 변경
2024-03-22,차량번호 변경 요청
2024-03-22,차량번호 변경 요청
2024-03-22,저공해차량 조회
2024-03-22,이용요금 조회 문의
2024-03-22,차량번호 변경의 건
2024-03-22,차량번호변경요청
2024-03-22,충전전류 및 전비의 산정
2024-03-22,차량번호 변경
2024-03-22,법인명의의 회원카드 연동 결제카드
2024-03-22,차량번호 변경 요청
2024-03-22,1268 카드결제 해주세요
2024-03-21,차량번호 변경문의
2024-03-21,차량 번호 변경 요청드립니다.
2024-03-21,차량번호 변경 문의
2024-03-21,차량번호 변경 요청드립니다.
2024-03-21,충전기 목표금액
2024-03-21,결제카드 등록 관련
2024-03-21,차량번호 변경 요청드립니다.
2024-03-21,차량번호 변경 부탁드립니다
2024-03-21,카드 접수
2024-03-21,차량번호변경
2024-03-21,차량번호 변경 요청
2024-03-21,차량번호변경
2024-03-20,충전시설 현황 관련 문의
2024-03-20,발급받은 환경부카드 사용불가
2024-03-20,회원카드와 연결된 차량번호 변경 신청
2024-03-20,차량번호 교체
2024-03-20,차량번호 변경부탁드립니다.
2024-03-20,회원카드 차량번호 재등록 문의
2024-03-20,카드발급되었는데 아직 카드등록을 못했습니다.
2024-03-20,차량번호 교체
2024-03-20,회원카드 배송 문의
2024-03-20,차량번호변경
2024-03-20,차량번호 변경 신청
2024-03-19,차량번호 변경 문의
2024-03-19,환경부 카드 차량번호 변경 요청
2024-03-19,카드발급 및 결제카등록문의
2024-03-19,차량번호 변경 신청
2024-03-19,차량번호 변경요청
2024-03-19,차량번호 변경 신청
2024-03-19,비공용완속충전기 사용중 충전커넥터와 차량충전단자 녹아서 결착된 사건 처리 문의
2024-03-19,관악구 힐스테이트뉴포레아파트 전기차 충전시설 현황 표시 요청합니다.
2024-03-19,차량번호 변경 신청
2024-03-19,카드 받았는데 등록이 안되있는뎅
2024-03-18,차량번호 변경신청
2024-03-18,차량번호 변경 신청
2024-03-18,"차량번호등록, 결제카드 등록 하나도안되네"
2024-03-18,만들어도 신용카드 등록을 할수가 없으니... 무용지물이네..
2024-03-18,"카드 수령완료 하였으나, 카드등록을 위한 카드가 찾아지지 않습니다."
2024-03-18,회원카드 해지 방법
2024-03-18,회원카드 받았는데 결제카드 등록이 안되요ㅠㅠ
2024-03-18,차량번호 수정 요청 드립니다
2024-03-18,결재카드 등록 오류
2024-03-18,차량번호 수정 요청 부탁 드립니다
2024-03-18,차량번호 수정부탁드립니다
2024-03-18,학교 충전기 일반/전기차 겸용 구역
2024-03-18,차량번호변경 요청합니다
2024-03-18,완속충전을 위한 카드 발급 문의
2024-03-18,차량번호 수정 요청건
2024-03-17,차량번호 변경 요청
2024-03-17,차량번호 변경요청 드립니다
2024-03-17,회원카드에 차량번호 오등록에 대한 수정요청의 건
2024-03-17,회원카드 확인
2024-03-17,차량 번호 수정 요청 및 결제카드 등록이 안됩니다
2024-03-17,차량번호 변경 부탁드립니다.
2024-03-17,결제금액 상이 문의 드려요
2024-03-17,차량번호 변경
2024-03-17,결제카드등록에서 회원카드 조회가 되지않습니다.
2024-03-16,"회원카드 수령했는데, 차량번호 변경 및 결제카드 등록 요청요."
2024-03-16,결제카드 등록이 안됩니다.
2024-03-16,차량번호 변경 및 결제카드 등록
2024-03-16,차량 번호 변경시 문의
2024-03-16,차량범호 변경 요청
2024-03-16,본인인증번호
2024-03-16,차량변경 요청
2024-03-16,차량번호 변경부탁드립니다.
2024-03-16,차량번호 변경을 부탁 드립니다.
2024-03-16,차량번호 변경 부탁드립니다
2024-03-15,차량번호 변경의 건
2024-03-15,결제카드 등록 조회시 정보가 없습니다
2024-03-15,결재카드등록
2024-03-15,결제카드 차량번호 변경 등록 부탁합니다
2024-03-15,이용요금조회가 안됩니다(재질의)
2024-03-15,차량번호 변경 요청 드립니다. 그리고 결재카드 등록을 하려고하는데 카드가 조회되지 않습니다.
2024-03-15,회원카드 차량번호 등록
2024-03-15,차량번호 변경
2024-03-15,차량번호 변경 요청 드립니다. 그리고 결재카드 등록에서 카드가 조회가 안됩니다.
2024-03-15,이용요금조회가 안됩니다
2024-03-14,차량 번호 수정 부탁합니다.
2024-03-14,차량번호 등록부탁드려요
2024-03-14,차량 번호 변경 요청합니다.
2024-03-14,아파트 외부인 충전 관련 문의
2024-03-14,멤버십 카드정보 변경 및 결제카드 등록
2024-03-14,카드 신청했는데..
2024-03-14,"차량정보 입력(수정), 결제카드 등록 방법"
2024-03-14,차량번호 변경 요청
2024-03-14,기관 차량 구매 관련 문의 드립니다.
2024-03-14,차량 번호 변경 요청드립니다.
2024-03-14,차량번호 변경 및 결제 카드 등록
2024-03-14,회원카드 분실
2024-03-14,차량번호 변경요청드립니다.
2024-03-14,영수증 조회가 안되요
2024-03-14,회원카드 접수 완료 시기 회신 요청
2024-03-13,문의
2024-03-13,차량번호 변경 요청
2024-03-13,법인회원가입 및 회원카드 문의
2024-03-13,차량번호 변경 요청힙니다.
2024-03-13,전기차충전기 정기점검 관련
2024-03-13,차량번호 변경 요청
2024-03-13,차량 번호 변경
2024-03-13,충전카드 차량번호 변경요청
2024-03-13,공공충전인프라 멤버쉽카드 발급 관련문의입니다
2024-03-12,회원카드 신청을 해서 발급은 됐는데 결제카드 등록에 발급받은 회원카드가 뜨지 않아요
2024-03-12,차량번호변경
2024-03-12,기본정보 변경 문의
2024-03-12,카드 신청 및 발급상태 확인 요망.
2024-03-12,타기관 충전요금 결제 지연 문의
2024-03-12,차량번호 변경 및 회원카드 배송문의
2024-03-12,충전카드 발급
2024-03-12,회원카드 문의 드립니다.
2024-03-12,[제안] 전기차 충전 결제 휴대폰 결제 제안 드립니다.
2024-03-12,차량변경 요청을 드립니다.
2024-03-12,문의
2024-03-12,차량번호 오기로 변경 부탁드립니다.
2024-03-12,결제 오류 후 재결제 문의
2024-03-11,영수증 내역 관련
2024-03-11,차량번호 변경 요청드립니다.
2024-03-11,카드등록
2024-03-11,카드등록 및 결제카드 등록
2024-03-11,카드신청 취소
2024-03-11,회원카드 차량번호 변경 관련
2024-03-11,차량 번호 변경 부탁드립니다.
2024-03-11,회원카드 차량 번호 변경 부탁드립니다.
2024-03-10,등록 차량번호변경 요청
2024-03-09,과금형 충전기 사용 질문
2024-03-09,자동차번호 변경
2024-03-09,차량번호변경요청드려요
2024-03-09,자동차번호 변경 요청
2024-03-09,차량 번호 변경 요청드립니다.
2024-03-09,차량번호 변경 요청
2024-03-08,차량번호변경
2024-03-08,차량번호등록 수정
2024-03-08,차량번호 변경
2024-03-08,차량 번호 변경 요청 드립니다
2024-03-08,차량번호 변경요청
2024-03-08,차량번호 변경 요청
2024-03-08,법인회원가입 문의
2024-03-08,차량번호 변경 요청
2024-03-08,카드 차량번호 변경을 요청드립니다.
2024-03-08,차량번호 변경 요청 드립니다.
2024-03-08,차량번호 변경 해주세요
2024-03-08,회원카드 차량번호 변경 요청드립니다.
2024-03-07,카드 차량 번호 변경 요청합니다
2024-03-07,결제카드 등록 및 차량정보 수정 요청
2024-03-07,회원카드 정보 변경요청
2024-03-07,국내 충전기 설치 현황
2024-03-07,카드 차량번호 변경
2024-03-07,차량번호 변경
2024-03-06,완충으로 인한 신용카드 결재 이후 남은 금액 환불 문의
2024-03-06,회원카드 발급후 정보수정(차량번호 변경)이 안되나요
2024-03-06,카드변경
2024-03-06,결제내역 확인부탁
2024-03-06,카드 차량번호 변경 요청
2024-03-06,테스트
2024-03-06,법인사업자 회원가입 문의드립니다.
2024-03-06,확인 부탁드립니다.
2024-03-06,전기사업법 기준 관련 문의
2024-03-06,저공해 3종 올해부터 없어지는건지 알고싶어요
2024-03-06,플러그인 하이브리드 차량 - 회원카드 발급
2024-03-06,비공개 질의응딥 확인 불가
2024-03-05,차량번호변경요청
2024-03-05,전기차충전시설 유지보수 민원신청
2024-03-05,회원정보 수정요청
2024-03-05,전기차 표지발급이 안됩니다.
2024-03-05,차량번호수정요청
2024-03-05,앞에한 질문에 대한 답변이 이해가 안되어서요.
2024-03-05,회원카드 차량번호(2건) 및 회원정보 수정 요청
2024-03-05,LPG 차량 등록
2024-03-05,차량변경후 기존카드 재사용 여부
2024-03-05,비공개로 문의한 내용 확인 건
2024-03-05,회원정보 수정 요청
2024-03-05,회원정보 수정문의드립니다.
2024-03-05,질의응답 답변 확인 불가
2024-03-04,전기차 차량 판매시에 대한 질문입니다
2024-03-04,타기관 이용내역이 지금도 조회가 안됩니다.
2024-03-04,차량번호 수정합니다.
2024-03-04,무공해업무지원시스템-의무구매임차제 질문입니다.
2024-03-04,이름 변경이 가능한가요?
2024-03-04,충전기별 충전 요금이랑 충전시간을 좀 알고싶어요
2024-03-04,회원카드 문의
2024-03-04,차량등록번호 변경요청
2024-03-04,사이트 영수증 인쇄가 안됨
2024-03-04,차량번호 변경 요청
2024-03-04,충전카드 차량번호 변경 부탁드립니다.
2024-03-02,선결재 취소후 차액 입금확인 요청드립니다.
2024-03-02,회원카드가 2*** 로 시작하면 구형 충전기에서 인식이 안된다고 합니다.
2024-03-02,결제오류
2024-03-01,카드 분실신고 했다 찾았습니다.
2024-03-01,카드 충전 방식 문의
2024-03-01,영업용 차량에 환경부카드로 충전시 부가세 매입공제 여부
2024-03-01,충전 오류 금액결제
2024-02-29,충전요금 미결제
2024-02-29,카드 등록 부탁합니다. 등록이 안됩니다
2024-02-29,전기차 충전카드등록 된 차량번호가 변경되었습니다.
2024-02-28,회원카드 차량등록 부탁드립니다.
2024-02-28,결제 금액 확인
2024-02-28,회원카드 한대 차량에 대한 중복 회원카드신청문의
2024-02-27,연도별 충전기 데이터 질문드립니다.
2024-02-27,결제카드 등록
2024-02-27,차량 번호 변경 부탁드려요
2024-02-27,신규 건물(빌딩) 전기차 충전 시설 운용 문의 건
2024-02-27,저공해차량 조회 문의
2024-02-27,회원카드 및 결제카드 관련입니다.
2024-02-27,질의응답 확인 불가
2024-02-26,차량번호 변경요청
2024-02-26,전기차(하이브리드) 기종 문의드립니다.
2024-02-26,차량번호가 변경되었습니다. 변경요청합니다.
2024-02-26,차량번호 변경 요청
2024-02-26,차량번호 변경 요청합니다.
2024-02-26,전기차 조회가 안됩니다.
2024-02-26,질의응답 답변 확인 불가
2024-02-26,저공해차량 조회
2024-02-26,충전소 운영 현황 관련 데이터 문의
2024-02-26,질의응답이 확인안됩니다.
2024-02-26,차량번호 변경 요청
2024-02-26,차량번호 변경 요청
2024-02-26,비공개 작성글 확인 불가
2024-02-26,차량번호 수정방법 문의드립니다.
2024-02-26,회원카드 차량번호 변경요청
2024-02-26,선결제로 충전해서 사용하고 싶은데 어떻게 충전하나요?
2024-02-26,회원카드 결제일 문의
2024-02-26,카드결제관련
2024-02-23,해피차저 결제 금액이 이상합니다.
2024-02-23,질의한 비공개게시글이 열리지 않습니다.
2024-02-23,시기별 충전소 목록 다운 방법
2024-02-23,아파트내 완속충전기 위치 바로 확인 할 수 있는 방법 없나요?
2024-02-23,결제카드 등록 불가
2024-02-23,질의응답글 확인
2024-02-22,결제카드 등록
2024-02-21,전기차 평균연비 문의
2024-02-21,전기차 충전소 수
2024-02-21,출장여비신청 시 증빙자료 제출하는데 문제가 있음(충전소 이름 표시 문제)
2024-02-21,처리완료 된 질의응답 내용
2024-02-20,충전내역 조회
2024-02-20,법인 회원가입
2024-02-20,충전을 했는데 결제내역(영수증)이 뜨지 않습니다.
2024-02-20,회원 카드 관련 문의
2024-02-20,기존 회원카드가 파손이라 새로 신청했는데 기존꺼는 어떻게 되는건가요?
2024-02-20,차량변경
2024-02-19,카드 분실해서 재발급을 받앗는데 카드에 차량번호 변경은 어떻게 하나요?
2024-02-19,회원명 변경 요청
2024-02-19,회원명 변경 요청
2024-02-19,청구서 원단위 결제
2024-02-19,충전기에서 QR코드 이용 시 회원카드로 결제할 수 있나요?
2024-02-19,공공기관 결제 후 영수증 출력시
2024-02-19,카드연계된 차량 번호 변경
2024-02-18,회원카드 수령 후 결재카드 등록이 안되요
2024-02-16,결제 실패 내역 처리
2024-02-16,차량변경
2024-02-16,차량 변경
2024-02-15,차량번호 교체 요청
2024-02-15,차량번호 변경 요청
2024-02-15,대기전력비용 부과는 어디에다 해야 하나요?
2024-02-15,회사차량 아이디 통합 관련
2024-02-15,결제 카드 등록
2024-02-15,카드 차량 번호 변경 요청
2024-02-14,회원카드에 연결한 결제카드의 번호가 다 나오게 조회할 수 있는 방법 문의
2024-02-14,'23년 전기차 충전 요금을 월 별로 확인하고 싶습니다.
2024-02-14,잦은 오류
2024-02-14,충전기완속.급속 잘못체크됐나 싶은 게 있습니다.
2024-02-13,결제 문자
2024-02-13,GS칼텍스 공항로 충전소 미운영
2024-02-13,회원이름 변경 요청 드립니다.
2024-02-13,결제 카드 등록
2024-02-13,결제 누락
2024-02-13,결재 누락 확인요청 드립니다.
2024-02-13,차량등록부탁드립니다.
2024-02-10,차량번호 변경
2024-02-09,영업용차량부가세환급
2024-02-08,타사 카드를 결제카드로 등록 가능합니까?
2024-02-08,재가입 전 사용 결제카드 재사용 가능 여부 질의
2024-02-08,차량번호 변경 요청드립니다.
2024-02-08,차량번호 변경 요청
2024-02-08,업무지원시스템 권한 설정
2024-02-08,차량번호 변경 요청드립니다.
2024-02-08,충전 시 100원 카드결제 및 승인취소 문의
2024-02-08,회원정보 변경 관련 문의
2024-02-07,정비용 충전기 통합누리집 등록 관련
2024-02-07,충전기 턱없이 부족
2024-02-05,타아파트 전기충전 가능여부
2024-02-05,무공해차 조회가 안되는데 왜그런걸까요?
2024-02-05,이중결제 관련
2024-02-04,지역별 과거 충전소 자료요청
2024-02-03,신용카드 등록
2024-02-03,영수증 출력관련 건의사항
2024-02-03,PHEV 차량에 대한 환경부 전기차충전카드 발급문의
2024-02-02,등록된 회원카드 삭제 요청 또는 삭제방법 문의
2024-02-02,회원정보 수정 관련 건의
2024-02-02,회원카드 재발급
2024-02-02,회원 인증 오류
2024-02-01,공공기관 회원카드 발급에 관한 질문입니다.
2024-02-01,분실된 회원카드는 자동으로 사용정지가 될까요?
2024-01-31,등록된 차량 번호 변경
2024-01-31,단체 계정의 사용자 이름 변경 문의
2024-01-31,등록 된 차량 변경이 필요 합니다 안되나요
2024-01-31,충전 카드 질문이요
2024-01-31,바이크 충전카드 등록
2024-01-31,이용 요금 조회결
2024-01-30,회원 이름 변경
2024-01-30,등록된 차량번호 변경
2024-01-30,안녕하세요. 확인 부탁드립니다.
2024-01-29,중복결제
2024-01-29,차량 번호 변경
2024-01-29,회원카드에 등록된 차량변경
2024-01-29,회원카드 결제 결과 처리전
2024-01-29,충전카드 변경 등록 문의
2024-01-28,충전비
2024-01-27,차량번호 변경
2024-01-27,회원카드 차량정보 변경 요청
2024-01-26,충전후 신용카드 정산은 언제되나요?
2024-01-26,회원카드 1개로 차량 두대 등록이 가능한가요?
2024-01-26,전기 수소 가격에 대한 api 문의
2024-01-25,카드분실
2024-01-25,차량번호 변경
2024-01-24,다름이 아니고
2024-01-24,회원카드 실물 발급 관련 건
2024-01-24,충전소 정보 표시 정정 요청
2024-01-23,충전기 설치현황 정보
2024-01-22,카드 배송 관련
2024-01-22,전기차충전기 고장으로 as 접수하였음에도 수리가 되지 않고 있습니다
2024-01-21,울산 동구 남목1동 행정센터내 주차라인
2024-01-21,개명으로 인한 정보 정정
2024-01-20,규정이..참 어렵네요
2024-01-19,타기관요금 전체 검색이 안 됩니다.
2024-01-19,차량번호 변경 요청합니다.
2024-01-19,"""타기관 이용요금"" 보유카드구분 전체가 조회 안됨"
2024-01-19,[수소 충전소 운영 관련 내용 제안]
2024-01-19,카드 2개 사용
2024-01-18,선결제 취소 오류
2024-01-18,충전기 데이터 관련 문의 드립니다.
2024-01-18,기본정보 변경
2024-01-18,결제카드 등록 오류
2024-01-17,차량 번호 변경 요청합니다.
2024-01-17,구청 전기차 등록
2024-01-17,전기차 충전 영수증 파일 일괄 다운로드
2024-01-17,타기관 기기 제한없이 사용가능한가요?
2024-01-17,결제카드 변경
2024-01-16,저공해차량 문의드립니다.
2024-01-16,회원카드 1개로 두대 차량 충전가능여부
2024-01-16,실물카드 등기 못받아서 회수됐어요
2024-01-16,환경부 카드 로밍요금 문의드립니다.
2024-01-15,결제방법 관련 문의
2024-01-15,충전기 설치 관련 질의입니다.
2024-01-15,결제카드 등록 시 정상적인 비밀번호를 넣었는데도 실패해서 비밀번호 오류횟수 초과 되었습니다 조치바랍니다
2024-01-14,40분 충전했는데 요금은 58만원 나왔습니다
2024-01-13,분실신고 된 카드를 다시 정상카드로 변경하거나 삭제하려면
2024-01-12,결제카드 변경 후 카드 태깅이 되지 않습니다.
2024-01-12,결제 내역 조회
2024-01-12,전기차 카드결제가 안되요
2024-01-12,결제금액 확인요청
2024-01-12,lpg 차량지원 혜택은 어떤게 있나요?
2024-01-12,전기차 충전카드가 중복결제 되었습니다.
2024-01-11,(법인) 차량 추가등록
2024-01-11,연결 카드 문의
2024-01-11,표지발급 이용신청
2024-01-10,분실카드로 등록된 카드를 다시 재등록할 수 있나요?
2024-01-10,법인 내 담당자 변경으로 인한 계정(카드) 이전 가능 여부 문의
2024-01-10,법인 차량 충전 정보가 조회되지 않습니다.
2024-01-10,카드발급관련문의
2024-01-09,고장 신고 페이지 관련 질문입니다.
2024-01-08,결제카드 화면에 조회되지 않습니다.
2024-01-08,자동결제 취소 후 재결제
2024-01-07,"이음 어플 활용, 본인인증 제도"
2024-01-06,카드사용내역 확인
2024-01-05,회원카드 분실 재발행
2024-01-05,법인명의 차량으로 충전카드 발급 후 결제관련입니다.
2024-01-05,API 관련 문의드립니다
2024-01-05,결제카드 등록관련
2024-01-03,충전완료시 문자발송 여부
2024-01-03,플러그인 하이브리드 차량은 카드 발급이 안 되나요?
2024-01-03,법인 회원은 어떻게 가입해야하죠?
2024-01-03,투루차저 가입 시 차종
2024-01-03,결제 여부
2024-01-03,회원카드 신청시 선택차종 누락
2024-01-03,카드를 분실하였어요 재발급해주세요
2024-01-02,카드에러문의
2024-01-02,법인회원 담당자 변경으로 인한 카드 등록 요청
2024-01-02,결제 금액 환불 관련
2024-01-02,등록차량 삭제
2024-01-02,법인회원 정보 수정
2024-01-01,카드재발급
